[
{
    "model": "auth.group",
    "pk": 1,
    "fields": {
        "name": "contributors",
        "permissions": []
    }
},
{
    "model": "auth.user",
    "pk": 1,
    "fields": {
        "password": "pbkdf2_sha256$36000$2AOlq0fVdIAv$BRkXHmlRKDZlizOhVi/irHIR43AeF8YNg1yPDKPQ2cw=",
        "last_login": null,
        "is_superuser": false,
        "username": "ada",
        "first_name": "",
        "last_name": "",
        "email": "ada@djangogirls.org",
        "is_staff": false,
        "is_active": true,
        "date_joined": "2017-05-31T20:09:52.565Z",
        "groups": [
            [
                "contributors"
            ]
        ],
        "user_permissions": []
    }
},
{
    "model": "auth.user",
    "pk": 2,
    "fields": {
        "password": "pbkdf2_sha256$36000$tvU6Gtx2eEgu$nCR4VArAs6PVlK/j/CCU8bj7jjgqd/jfHS9r6/RBZwI=",
        "last_login": null,
        "is_superuser": false,
        "username": "andrew",
        "first_name": "",
        "last_name": "",
        "email": "django@jambonsw.com",
        "is_staff": false,
        "is_active": true,
        "date_joined": "2017-06-02T19:52:20.673Z",
        "groups": [],
        "user_permissions": []
    }
},
{
    "model": "auth.user",
    "pk": 4,
    "fields": {
        "password": "pbkdf2_sha256$36000$AMUf5nSJZ9Yk$AeJyL4BcqXRbjQSUG10QyJYL8VaNZUuQvQCp+VjxW5Y=",
        "last_login": null,
        "is_superuser": true,
        "username": "andrew3",
        "first_name": "",
        "last_name": "",
        "email": "django@jambonsw.com",
        "is_staff": true,
        "is_active": true,
        "date_joined": "2017-06-02T20:13:40.920Z",
        "groups": [],
        "user_permissions": []
    }
},
{
    "model": "auth.user",
    "pk": 5,
    "fields": {
        "password": "pbkdf2_sha256$24000$xzIIT0eHITAI$DvvHKQgkL4bhK24txfF+VlGVwGNXtoQkp/X9eNsYVZ4=",
        "last_login": "2017-07-07T21:19:15.134Z",
        "is_superuser": true,
        "username": "andrew4",
        "first_name": "",
        "last_name": "",
        "email": "django@jambonsw.com",
        "is_staff": true,
        "is_active": true,
        "date_joined": "2017-06-02T20:21:10.041Z",
        "groups": [],
        "user_permissions": []
    }
},
{
    "model": "sites.site",
    "pk": 1,
    "fields": {
        "domain": "example.com",
        "name": "example.com"
    }
},
{
    "model": "nutr.tag",
    "pk": 1075,
    "fields": {
        "name": "Albania",
        "slug": "albania"
    }
},
{
    "model": "nutr.tag",
    "pk": 1076,
    "fields": {
        "name": "Algeria",
        "slug": "algeria"
    }
},
{
    "model": "nutr.tag",
    "pk": 1078,
    "fields": {
        "name": "Andorra",
        "slug": "andorra"
    }
},
{
    "model": "nutr.tag",
    "pk": 1079,
    "fields": {
        "name": "Angola",
        "slug": "angola"
    }
},
{
    "model": "nutr.tag",
    "pk": 1080,
    "fields": {
        "name": "Anguilla",
        "slug": "anguilla"
    }
},
{
    "model": "nutr.tag",
    "pk": 1081,
    "fields": {
        "name": "Antarctica",
        "slug": "antarctica"
    }
},
{
    "model": "nutr.tag",
    "pk": 1083,
    "fields": {
        "name": "Argentina",
        "slug": "argentina"
    }
},
{
    "model": "nutr.tag",
    "pk": 1084,
    "fields": {
        "name": "Armenia",
        "slug": "armenia"
    }
},
{
    "model": "nutr.tag",
    "pk": 1086,
    "fields": {
        "name": "Australia",
        "slug": "australia"
    }
},
{
    "model": "nutr.tag",
    "pk": 1087,
    "fields": {
        "name": "Austria",
        "slug": "austria"
    }
},
{
    "model": "nutr.tag",
    "pk": 1088,
    "fields": {
        "name": "Azerbaijan",
        "slug": "azerbaijan"
    }
},
{
    "model": "nutr.tag",
    "pk": 1089,
    "fields": {
        "name": "Bahamas",
        "slug": "bahamas"
    }
},
{
    "model": "nutr.tag",
    "pk": 1090,
    "fields": {
        "name": "Bahrain",
        "slug": "bahrain"
    }
},
{
    "model": "nutr.tag",
    "pk": 1091,
    "fields": {
        "name": "Bangladesh",
        "slug": "bangladesh"
    }
},
{
    "model": "nutr.tag",
    "pk": 1093,
    "fields": {
        "name": "Belarus",
        "slug": "belarus"
    }
},
{
    "model": "nutr.tag",
    "pk": 1094,
    "fields": {
        "name": "Belgium",
        "slug": "belgium"
    }
},
{
    "model": "nutr.tag",
    "pk": 1096,
    "fields": {
        "name": "Benin",
        "slug": "benin"
    }
},
{
    "model": "nutr.tag",
    "pk": 1097,
    "fields": {
        "name": "Bermuda",
        "slug": "bermuda"
    }
},
{
    "model": "nutr.tag",
    "pk": 1098,
    "fields": {
        "name": "Bhutan",
        "slug": "bhutan"
    }
},
{
    "model": "nutr.tag",
    "pk": 1099,
    "fields": {
        "name": "Bolivia",
        "slug": "bolivia"
    }
},
{
    "model": "nutr.tag",
    "pk": 1100,
    "fields": {
        "name": "Bosnia and Herzegovina",
        "slug": "bosniaandherzegovina"
    }
},
{
    "model": "nutr.tag",
    "pk": 1101,
    "fields": {
        "name": "Botswana",
        "slug": "botswana"
    }
},
{
    "model": "nutr.tag",
    "pk": 1102,
    "fields": {
        "name": "Bouvet Island",
        "slug": "bouvetisland"
    }
},
{
    "model": "nutr.tag",
    "pk": 1103,
    "fields": {
        "name": "Brazil",
        "slug": "brazil"
    }
},
{
    "model": "nutr.tag",
    "pk": 1104,
    "fields": {
        "name": "British Antarctic Territory",
        "slug": "britishantarcticterritory"
    }
},
{
    "model": "nutr.tag",
    "pk": 1105,
    "fields": {
        "name": "British Indian Ocean Territory",
        "slug": "britishindianoceanterritory"
    }
},
{
    "model": "nutr.tag",
    "pk": 1106,
    "fields": {
        "name": "British Virgin Islands",
        "slug": "britishvirginislands"
    }
},
{
    "model": "nutr.tag",
    "pk": 1107,
    "fields": {
        "name": "Brunei",
        "slug": "brunei"
    }
},
{
    "model": "nutr.tag",
    "pk": 1108,
    "fields": {
        "name": "Bulgaria",
        "slug": "bulgaria"
    }
},
{
    "model": "nutr.tag",
    "pk": 1109,
    "fields": {
        "name": "Burkina Faso",
        "slug": "burkinafaso"
    }
},
{
    "model": "nutr.tag",
    "pk": 1110,
    "fields": {
        "name": "Burundi",
        "slug": "burundi"
    }
},
{
    "model": "nutr.tag",
    "pk": 1111,
    "fields": {
        "name": "Cambodia",
        "slug": "cambodia"
    }
},
{
    "model": "nutr.tag",
    "pk": 1113,
    "fields": {
        "name": "Canada",
        "slug": "canada"
    }
},
{
    "model": "nutr.tag",
    "pk": 1114,
    "fields": {
        "name": "Canton and Enderbury Islands",
        "slug": "cantonandenderburyislands"
    }
},
{
    "model": "nutr.tag",
    "pk": 1115,
    "fields": {
        "name": "Cape Verde",
        "slug": "capeverde"
    }
},
{
    "model": "nutr.tag",
    "pk": 1116,
    "fields": {
        "name": "Cayman Islands",
        "slug": "caymanislands"
    }
},
{
    "model": "nutr.tag",
    "pk": 1117,
    "fields": {
        "name": "Central African Republic",
        "slug": "centralafricanrepublic"
    }
},
{
    "model": "nutr.tag",
    "pk": 1118,
    "fields": {
        "name": "Chad",
        "slug": "chad"
    }
},
{
    "model": "nutr.tag",
    "pk": 1119,
    "fields": {
        "name": "Chile",
        "slug": "chile"
    }
},
{
    "model": "nutr.tag",
    "pk": 1120,
    "fields": {
        "name": "China",
        "slug": "china"
    }
},
{
    "model": "nutr.tag",
    "pk": 1121,
    "fields": {
        "name": "Christmas Island",
        "slug": "christmasisland"
    }
},
{
    "model": "nutr.tag",
    "pk": 1122,
    "fields": {
        "name": "Cocos [Keeling] Islands",
        "slug": "cocoskeelingislands"
    }
},
{
    "model": "nutr.tag",
    "pk": 1123,
    "fields": {
        "name": "Colombia",
        "slug": "colombia"
    }
},
{
    "model": "nutr.tag",
    "pk": 1124,
    "fields": {
        "name": "Comoros",
        "slug": "comoros"
    }
},
{
    "model": "nutr.tag",
    "pk": 1125,
    "fields": {
        "name": "Congo - Brazzaville",
        "slug": "congobrazzaville"
    }
},
{
    "model": "nutr.tag",
    "pk": 1126,
    "fields": {
        "name": "Congo - Kinshasa",
        "slug": "congokinshasa"
    }
},
{
    "model": "nutr.tag",
    "pk": 1127,
    "fields": {
        "name": "Cook Islands",
        "slug": "cookislands"
    }
},
{
    "model": "nutr.tag",
    "pk": 1128,
    "fields": {
        "name": "Costa Rica",
        "slug": "costarica"
    }
},
{
    "model": "nutr.tag",
    "pk": 1129,
    "fields": {
        "name": "Croatia",
        "slug": "croatia"
    }
},
{
    "model": "nutr.tag",
    "pk": 1130,
    "fields": {
        "name": "Cuba",
        "slug": "cuba"
    }
},
{
    "model": "nutr.tag",
    "pk": 1131,
    "fields": {
        "name": "Cyprus",
        "slug": "cyprus"
    }
},
{
    "model": "nutr.tag",
    "pk": 1132,
    "fields": {
        "name": "Czech Republic",
        "slug": "czechrepublic"
    }
},
{
    "model": "nutr.tag",
    "pk": 1133,
    "fields": {
        "name": "C\u00f4te d\u2019Ivoire",
        "slug": "cotedivoire"
    }
},
{
    "model": "nutr.tag",
    "pk": 1134,
    "fields": {
        "name": "Denmark",
        "slug": "denmark"
    }
},
{
    "model": "nutr.tag",
    "pk": 1135,
    "fields": {
        "name": "Djibouti",
        "slug": "djibouti"
    }
},
{
    "model": "nutr.tag",
    "pk": 1136,
    "fields": {
        "name": "Dominica",
        "slug": "dominica"
    }
},
{
    "model": "nutr.tag",
    "pk": 1137,
    "fields": {
        "name": "Dominican Republic",
        "slug": "dominicanrepublic"
    }
},
{
    "model": "nutr.tag",
    "pk": 1138,
    "fields": {
        "name": "Dronning Maud Land",
        "slug": "dronningmaudland"
    }
},
{
    "model": "nutr.tag",
    "pk": 1139,
    "fields": {
        "name": "East Germany",
        "slug": "eastgermany"
    }
},
{
    "model": "nutr.tag",
    "pk": 1140,
    "fields": {
        "name": "Ecuador",
        "slug": "ecuador"
    }
},
{
    "model": "nutr.tag",
    "pk": 1141,
    "fields": {
        "name": "Egypt",
        "slug": "egypt"
    }
},
{
    "model": "nutr.tag",
    "pk": 1142,
    "fields": {
        "name": "El Salvador",
        "slug": "elsalvador"
    }
},
{
    "model": "nutr.tag",
    "pk": 1143,
    "fields": {
        "name": "Equatorial Guinea",
        "slug": "equatorialguinea"
    }
},
{
    "model": "nutr.tag",
    "pk": 1144,
    "fields": {
        "name": "Eritrea",
        "slug": "eritrea"
    }
},
{
    "model": "nutr.tag",
    "pk": 1145,
    "fields": {
        "name": "Estonia",
        "slug": "estonia"
    }
},
{
    "model": "nutr.tag",
    "pk": 1146,
    "fields": {
        "name": "Ethiopia",
        "slug": "ethiopia"
    }
},
{
    "model": "nutr.tag",
    "pk": 1147,
    "fields": {
        "name": "Falkland Islands",
        "slug": "falklandislands"
    }
},
{
    "model": "nutr.tag",
    "pk": 1148,
    "fields": {
        "name": "Faroe Islands",
        "slug": "faroeislands"
    }
},
{
    "model": "nutr.tag",
    "pk": 1149,
    "fields": {
        "name": "Fiji",
        "slug": "fiji"
    }
},
{
    "model": "nutr.tag",
    "pk": 1150,
    "fields": {
        "name": "Finland",
        "slug": "finland"
    }
},
{
    "model": "nutr.tag",
    "pk": 1151,
    "fields": {
        "name": "France",
        "slug": "france"
    }
},
{
    "model": "nutr.tag",
    "pk": 1152,
    "fields": {
        "name": "French Guiana",
        "slug": "frenchguiana"
    }
},
{
    "model": "nutr.tag",
    "pk": 1153,
    "fields": {
        "name": "French Polynesia",
        "slug": "frenchpolynesia"
    }
},
{
    "model": "nutr.tag",
    "pk": 1154,
    "fields": {
        "name": "French Southern Territories",
        "slug": "frenchsouthernterritories"
    }
},
{
    "model": "nutr.tag",
    "pk": 1155,
    "fields": {
        "name": "French Southern and Antarctic Territories",
        "slug": "frenchsouthernandantarcticterritories"
    }
},
{
    "model": "nutr.tag",
    "pk": 1156,
    "fields": {
        "name": "Gabon",
        "slug": "gabon"
    }
},
{
    "model": "nutr.tag",
    "pk": 1157,
    "fields": {
        "name": "Gambia",
        "slug": "gambia"
    }
},
{
    "model": "nutr.tag",
    "pk": 1158,
    "fields": {
        "name": "Georgia",
        "slug": "georgia"
    }
},
{
    "model": "nutr.tag",
    "pk": 1159,
    "fields": {
        "name": "Germany",
        "slug": "germany"
    }
},
{
    "model": "nutr.tag",
    "pk": 1160,
    "fields": {
        "name": "Ghana",
        "slug": "ghana"
    }
},
{
    "model": "nutr.tag",
    "pk": 1161,
    "fields": {
        "name": "Gibraltar",
        "slug": "gibraltar"
    }
},
{
    "model": "nutr.tag",
    "pk": 1162,
    "fields": {
        "name": "Greece",
        "slug": "greece"
    }
},
{
    "model": "nutr.tag",
    "pk": 1163,
    "fields": {
        "name": "Greenland",
        "slug": "greenland"
    }
},
{
    "model": "nutr.tag",
    "pk": 1164,
    "fields": {
        "name": "Grenada",
        "slug": "grenada"
    }
},
{
    "model": "nutr.tag",
    "pk": 1165,
    "fields": {
        "name": "Guadeloupe",
        "slug": "guadeloupe"
    }
},
{
    "model": "nutr.tag",
    "pk": 1166,
    "fields": {
        "name": "Guam",
        "slug": "guam"
    }
},
{
    "model": "nutr.tag",
    "pk": 1167,
    "fields": {
        "name": "Guatemala",
        "slug": "guatemala"
    }
},
{
    "model": "nutr.tag",
    "pk": 1168,
    "fields": {
        "name": "Guernsey",
        "slug": "guernsey"
    }
},
{
    "model": "nutr.tag",
    "pk": 1169,
    "fields": {
        "name": "Guinea",
        "slug": "guinea"
    }
},
{
    "model": "nutr.tag",
    "pk": 1170,
    "fields": {
        "name": "Guinea-Bissau",
        "slug": "guineabissau"
    }
},
{
    "model": "nutr.tag",
    "pk": 1171,
    "fields": {
        "name": "Guyana",
        "slug": "guyana"
    }
},
{
    "model": "nutr.tag",
    "pk": 1172,
    "fields": {
        "name": "Haiti",
        "slug": "haiti"
    }
},
{
    "model": "nutr.tag",
    "pk": 1173,
    "fields": {
        "name": "Heard Island and McDonald Islands",
        "slug": "heardislandandmcdonaldislands"
    }
},
{
    "model": "nutr.tag",
    "pk": 1174,
    "fields": {
        "name": "Honduras",
        "slug": "honduras"
    }
},
{
    "model": "nutr.tag",
    "pk": 1175,
    "fields": {
        "name": "Hong Kong SAR China",
        "slug": "hongkongsarchina"
    }
},
{
    "model": "nutr.tag",
    "pk": 1176,
    "fields": {
        "name": "Hungary",
        "slug": "hungary"
    }
},
{
    "model": "nutr.tag",
    "pk": 1177,
    "fields": {
        "name": "Iceland",
        "slug": "iceland"
    }
},
{
    "model": "nutr.tag",
    "pk": 1178,
    "fields": {
        "name": "India",
        "slug": "india"
    }
},
{
    "model": "nutr.tag",
    "pk": 1179,
    "fields": {
        "name": "Indonesia",
        "slug": "indonesia"
    }
},
{
    "model": "nutr.tag",
    "pk": 1180,
    "fields": {
        "name": "Iran",
        "slug": "iran"
    }
},
{
    "model": "nutr.tag",
    "pk": 1181,
    "fields": {
        "name": "Iraq",
        "slug": "iraq"
    }
},
{
    "model": "nutr.tag",
    "pk": 1182,
    "fields": {
        "name": "Ireland",
        "slug": "ireland"
    }
},
{
    "model": "nutr.tag",
    "pk": 1183,
    "fields": {
        "name": "Isle of Man",
        "slug": "isleofman"
    }
},
{
    "model": "nutr.tag",
    "pk": 1184,
    "fields": {
        "name": "Israel",
        "slug": "israel"
    }
},
{
    "model": "nutr.tag",
    "pk": 1185,
    "fields": {
        "name": "Italy",
        "slug": "italy"
    }
},
{
    "model": "nutr.tag",
    "pk": 1186,
    "fields": {
        "name": "Jamaica",
        "slug": "jamaica"
    }
},
{
    "model": "nutr.tag",
    "pk": 1187,
    "fields": {
        "name": "Japan",
        "slug": "japan"
    }
},
{
    "model": "nutr.tag",
    "pk": 1188,
    "fields": {
        "name": "Jersey",
        "slug": "jersey"
    }
},
{
    "model": "nutr.tag",
    "pk": 1189,
    "fields": {
        "name": "Johnston Island",
        "slug": "johnstonisland"
    }
},
{
    "model": "nutr.tag",
    "pk": 1190,
    "fields": {
        "name": "Jordan",
        "slug": "jordan"
    }
},
{
    "model": "nutr.tag",
    "pk": 1191,
    "fields": {
        "name": "Kazakhstan",
        "slug": "kazakhstan"
    }
},
{
    "model": "nutr.tag",
    "pk": 1192,
    "fields": {
        "name": "Kenya",
        "slug": "kenya"
    }
},
{
    "model": "nutr.tag",
    "pk": 1193,
    "fields": {
        "name": "Kiribati",
        "slug": "kiribati"
    }
},
{
    "model": "nutr.tag",
    "pk": 1194,
    "fields": {
        "name": "Kuwait",
        "slug": "kuwait"
    }
},
{
    "model": "nutr.tag",
    "pk": 1195,
    "fields": {
        "name": "Kyrgyzstan",
        "slug": "kyrgyzstan"
    }
},
{
    "model": "nutr.tag",
    "pk": 1196,
    "fields": {
        "name": "Laos",
        "slug": "laos"
    }
},
{
    "model": "nutr.tag",
    "pk": 1197,
    "fields": {
        "name": "Latvia",
        "slug": "latvia"
    }
},
{
    "model": "nutr.tag",
    "pk": 1198,
    "fields": {
        "name": "Lebanon",
        "slug": "lebanon"
    }
},
{
    "model": "nutr.tag",
    "pk": 1199,
    "fields": {
        "name": "Lesotho",
        "slug": "lesotho"
    }
},
{
    "model": "nutr.tag",
    "pk": 1200,
    "fields": {
        "name": "Liberia",
        "slug": "liberia"
    }
},
{
    "model": "nutr.tag",
    "pk": 1201,
    "fields": {
        "name": "Libya",
        "slug": "libya"
    }
},
{
    "model": "nutr.tag",
    "pk": 1202,
    "fields": {
        "name": "Liechtenstein",
        "slug": "liechtenstein"
    }
},
{
    "model": "nutr.tag",
    "pk": 1203,
    "fields": {
        "name": "Lithuania",
        "slug": "lithuania"
    }
},
{
    "model": "nutr.tag",
    "pk": 1204,
    "fields": {
        "name": "Luxembourg",
        "slug": "luxembourg"
    }
},
{
    "model": "nutr.tag",
    "pk": 1205,
    "fields": {
        "name": "Macau SAR China",
        "slug": "macausarchina"
    }
},
{
    "model": "nutr.tag",
    "pk": 1206,
    "fields": {
        "name": "Macedonia",
        "slug": "macedonia"
    }
},
{
    "model": "nutr.tag",
    "pk": 1207,
    "fields": {
        "name": "Madagascar",
        "slug": "madagascar"
    }
},
{
    "model": "nutr.tag",
    "pk": 1208,
    "fields": {
        "name": "Malawi",
        "slug": "malawi"
    }
},
{
    "model": "nutr.tag",
    "pk": 1209,
    "fields": {
        "name": "Malaysia",
        "slug": "malaysia"
    }
},
{
    "model": "nutr.tag",
    "pk": 1210,
    "fields": {
        "name": "Maldives",
        "slug": "maldives"
    }
},
{
    "model": "nutr.tag",
    "pk": 1211,
    "fields": {
        "name": "Mali",
        "slug": "mali"
    }
},
{
    "model": "nutr.tag",
    "pk": 1212,
    "fields": {
        "name": "Malta",
        "slug": "malta"
    }
},
{
    "model": "nutr.tag",
    "pk": 1213,
    "fields": {
        "name": "Marshall Islands",
        "slug": "marshallislands"
    }
},
{
    "model": "nutr.tag",
    "pk": 1214,
    "fields": {
        "name": "Martinique",
        "slug": "martinique"
    }
},
{
    "model": "nutr.tag",
    "pk": 1215,
    "fields": {
        "name": "Mauritania",
        "slug": "mauritania"
    }
},
{
    "model": "nutr.tag",
    "pk": 1216,
    "fields": {
        "name": "Mauritius",
        "slug": "mauritius"
    }
},
{
    "model": "nutr.tag",
    "pk": 1217,
    "fields": {
        "name": "Mayotte",
        "slug": "mayotte"
    }
},
{
    "model": "nutr.tag",
    "pk": 1218,
    "fields": {
        "name": "Metropolitan France",
        "slug": "metropolitanfrance"
    }
},
{
    "model": "nutr.tag",
    "pk": 1219,
    "fields": {
        "name": "Mexico",
        "slug": "mexico"
    }
},
{
    "model": "nutr.tag",
    "pk": 1220,
    "fields": {
        "name": "Micronesia",
        "slug": "micronesia"
    }
},
{
    "model": "nutr.tag",
    "pk": 1221,
    "fields": {
        "name": "Midway Islands",
        "slug": "midwayislands"
    }
},
{
    "model": "nutr.tag",
    "pk": 1222,
    "fields": {
        "name": "Moldova",
        "slug": "moldova"
    }
},
{
    "model": "nutr.tag",
    "pk": 1223,
    "fields": {
        "name": "Monaco",
        "slug": "monaco"
    }
},
{
    "model": "nutr.tag",
    "pk": 1224,
    "fields": {
        "name": "Mongolia",
        "slug": "mongolia"
    }
},
{
    "model": "nutr.tag",
    "pk": 1225,
    "fields": {
        "name": "Montenegro",
        "slug": "montenegro"
    }
},
{
    "model": "nutr.tag",
    "pk": 1226,
    "fields": {
        "name": "Montserrat",
        "slug": "montserrat"
    }
},
{
    "model": "nutr.tag",
    "pk": 1227,
    "fields": {
        "name": "Morocco",
        "slug": "morocco"
    }
},
{
    "model": "nutr.tag",
    "pk": 1228,
    "fields": {
        "name": "Mozambique",
        "slug": "mozambique"
    }
},
{
    "model": "nutr.tag",
    "pk": 1229,
    "fields": {
        "name": "Myanmar [Burma]",
        "slug": "myanmarburma"
    }
},
{
    "model": "nutr.tag",
    "pk": 1230,
    "fields": {
        "name": "Namibia",
        "slug": "namibia"
    }
},
{
    "model": "nutr.tag",
    "pk": 1231,
    "fields": {
        "name": "Nauru",
        "slug": "nauru"
    }
},
{
    "model": "nutr.tag",
    "pk": 1232,
    "fields": {
        "name": "Nepal",
        "slug": "nepal"
    }
},
{
    "model": "nutr.tag",
    "pk": 1233,
    "fields": {
        "name": "Netherlands",
        "slug": "netherlands"
    }
},
{
    "model": "nutr.tag",
    "pk": 1234,
    "fields": {
        "name": "Netherlands Antilles",
        "slug": "netherlandsantilles"
    }
},
{
    "model": "nutr.tag",
    "pk": 1235,
    "fields": {
        "name": "Neutral Zone",
        "slug": "neutralzone"
    }
},
{
    "model": "nutr.tag",
    "pk": 1236,
    "fields": {
        "name": "New Caledonia",
        "slug": "newcaledonia"
    }
},
{
    "model": "nutr.tag",
    "pk": 1237,
    "fields": {
        "name": "New Zealand",
        "slug": "newzealand"
    }
},
{
    "model": "nutr.tag",
    "pk": 1238,
    "fields": {
        "name": "Nicaragua",
        "slug": "nicaragua"
    }
},
{
    "model": "nutr.tag",
    "pk": 1239,
    "fields": {
        "name": "Niger",
        "slug": "niger"
    }
},
{
    "model": "nutr.tag",
    "pk": 1240,
    "fields": {
        "name": "Nigeria",
        "slug": "nigeria"
    }
},
{
    "model": "nutr.tag",
    "pk": 1241,
    "fields": {
        "name": "Niue",
        "slug": "niue"
    }
},
{
    "model": "nutr.tag",
    "pk": 1242,
    "fields": {
        "name": "Norfolk Island",
        "slug": "norfolkisland"
    }
},
{
    "model": "nutr.tag",
    "pk": 1243,
    "fields": {
        "name": "North Korea",
        "slug": "northkorea"
    }
},
{
    "model": "nutr.tag",
    "pk": 1244,
    "fields": {
        "name": "North Vietnam",
        "slug": "northvietnam"
    }
},
{
    "model": "nutr.tag",
    "pk": 1245,
    "fields": {
        "name": "Northern Mariana Islands",
        "slug": "northernmarianaislands"
    }
},
{
    "model": "nutr.tag",
    "pk": 1246,
    "fields": {
        "name": "Norway",
        "slug": "norway"
    }
},
{
    "model": "nutr.tag",
    "pk": 1247,
    "fields": {
        "name": "Oman",
        "slug": "oman"
    }
},
{
    "model": "nutr.tag",
    "pk": 1248,
    "fields": {
        "name": "Pacific Islands Trust Territory",
        "slug": "pacificislandstrustterritory"
    }
},
{
    "model": "nutr.tag",
    "pk": 1249,
    "fields": {
        "name": "Pakistan",
        "slug": "pakistan"
    }
},
{
    "model": "nutr.tag",
    "pk": 1250,
    "fields": {
        "name": "Palau",
        "slug": "palau"
    }
},
{
    "model": "nutr.tag",
    "pk": 1251,
    "fields": {
        "name": "Palestinian Territories",
        "slug": "palestinianterritories"
    }
},
{
    "model": "nutr.tag",
    "pk": 1252,
    "fields": {
        "name": "Panama",
        "slug": "panama"
    }
},
{
    "model": "nutr.tag",
    "pk": 1253,
    "fields": {
        "name": "Panama Canal Zone",
        "slug": "panamacanalzone"
    }
},
{
    "model": "nutr.tag",
    "pk": 1254,
    "fields": {
        "name": "Papua New Guinea",
        "slug": "papuanewguinea"
    }
},
{
    "model": "nutr.tag",
    "pk": 1255,
    "fields": {
        "name": "Paraguay",
        "slug": "paraguay"
    }
},
{
    "model": "nutr.tag",
    "pk": 1256,
    "fields": {
        "name": "People's Democratic Republic of Yemen",
        "slug": "peoplesdemocraticrepublicofyemen"
    }
},
{
    "model": "nutr.tag",
    "pk": 1257,
    "fields": {
        "name": "Peru",
        "slug": "peru"
    }
},
{
    "model": "nutr.tag",
    "pk": 1258,
    "fields": {
        "name": "Philippines",
        "slug": "philippines"
    }
},
{
    "model": "nutr.tag",
    "pk": 1259,
    "fields": {
        "name": "Pitcairn Islands",
        "slug": "pitcairnislands"
    }
},
{
    "model": "nutr.tag",
    "pk": 1260,
    "fields": {
        "name": "Poland",
        "slug": "poland"
    }
},
{
    "model": "nutr.tag",
    "pk": 1261,
    "fields": {
        "name": "Portugal",
        "slug": "portugal"
    }
},
{
    "model": "nutr.tag",
    "pk": 1262,
    "fields": {
        "name": "Puerto Rico",
        "slug": "puertorico"
    }
},
{
    "model": "nutr.tag",
    "pk": 1263,
    "fields": {
        "name": "Qatar",
        "slug": "qatar"
    }
},
{
    "model": "nutr.tag",
    "pk": 1264,
    "fields": {
        "name": "Romania",
        "slug": "romania"
    }
},
{
    "model": "nutr.tag",
    "pk": 1265,
    "fields": {
        "name": "Russia",
        "slug": "russia"
    }
},
{
    "model": "nutr.tag",
    "pk": 1266,
    "fields": {
        "name": "Rwanda",
        "slug": "rwanda"
    }
},
{
    "model": "nutr.tag",
    "pk": 1267,
    "fields": {
        "name": "R\u00e9union",
        "slug": "reunion"
    }
},
{
    "model": "nutr.tag",
    "pk": 1268,
    "fields": {
        "name": "Saint Barth\u00e9lemy",
        "slug": "saintbarthelemy"
    }
},
{
    "model": "nutr.tag",
    "pk": 1269,
    "fields": {
        "name": "Saint Helena",
        "slug": "sainthelena"
    }
},
{
    "model": "nutr.tag",
    "pk": 1270,
    "fields": {
        "name": "Saint Kitts and Nevis",
        "slug": "saintkittsandnevis"
    }
},
{
    "model": "nutr.tag",
    "pk": 1271,
    "fields": {
        "name": "Saint Lucia",
        "slug": "saintlucia"
    }
},
{
    "model": "nutr.tag",
    "pk": 1272,
    "fields": {
        "name": "Saint Martin",
        "slug": "saintmartin"
    }
},
{
    "model": "nutr.tag",
    "pk": 1273,
    "fields": {
        "name": "Saint Pierre and Miquelon",
        "slug": "saintpierreandmiquelon"
    }
},
{
    "model": "nutr.tag",
    "pk": 1274,
    "fields": {
        "name": "Saint Vincent and the Grenadines",
        "slug": "saintvincentandthegrenadines"
    }
},
{
    "model": "nutr.tag",
    "pk": 1275,
    "fields": {
        "name": "Samoa",
        "slug": "samoa"
    }
},
{
    "model": "nutr.tag",
    "pk": 1276,
    "fields": {
        "name": "San Marino",
        "slug": "sanmarino"
    }
},
{
    "model": "nutr.tag",
    "pk": 1277,
    "fields": {
        "name": "Saudi Arabia",
        "slug": "saudiarabia"
    }
},
{
    "model": "nutr.tag",
    "pk": 1278,
    "fields": {
        "name": "Senegal",
        "slug": "senegal"
    }
},
{
    "model": "nutr.tag",
    "pk": 1279,
    "fields": {
        "name": "Serbia",
        "slug": "serbia"
    }
},
{
    "model": "nutr.tag",
    "pk": 1280,
    "fields": {
        "name": "Serbia and Montenegro",
        "slug": "serbiaandmontenegro"
    }
},
{
    "model": "nutr.tag",
    "pk": 1281,
    "fields": {
        "name": "Seychelles",
        "slug": "seychelles"
    }
},
{
    "model": "nutr.tag",
    "pk": 1282,
    "fields": {
        "name": "Sierra Leone",
        "slug": "sierraleone"
    }
},
{
    "model": "nutr.tag",
    "pk": 1283,
    "fields": {
        "name": "Singapore",
        "slug": "singapore"
    }
},
{
    "model": "nutr.tag",
    "pk": 1284,
    "fields": {
        "name": "Slovakia",
        "slug": "slovakia"
    }
},
{
    "model": "nutr.tag",
    "pk": 1285,
    "fields": {
        "name": "Slovenia",
        "slug": "slovenia"
    }
},
{
    "model": "nutr.tag",
    "pk": 1286,
    "fields": {
        "name": "Solomon Islands",
        "slug": "solomonislands"
    }
},
{
    "model": "nutr.tag",
    "pk": 1287,
    "fields": {
        "name": "Somalia",
        "slug": "somalia"
    }
},
{
    "model": "nutr.tag",
    "pk": 1288,
    "fields": {
        "name": "South Africa",
        "slug": "southafrica"
    }
},
{
    "model": "nutr.tag",
    "pk": 1289,
    "fields": {
        "name": "South Georgia and the South Sandwich Islands",
        "slug": "southgeorgiaandthesouthsandwichislands"
    }
},
{
    "model": "nutr.tag",
    "pk": 1290,
    "fields": {
        "name": "South Korea",
        "slug": "southkorea"
    }
},
{
    "model": "nutr.tag",
    "pk": 1291,
    "fields": {
        "name": "Spain",
        "slug": "spain"
    }
},
{
    "model": "nutr.tag",
    "pk": 1292,
    "fields": {
        "name": "Sri Lanka",
        "slug": "srilanka"
    }
},
{
    "model": "nutr.tag",
    "pk": 1293,
    "fields": {
        "name": "Sudan",
        "slug": "sudan"
    }
},
{
    "model": "nutr.tag",
    "pk": 1294,
    "fields": {
        "name": "Suriname",
        "slug": "suriname"
    }
},
{
    "model": "nutr.tag",
    "pk": 1295,
    "fields": {
        "name": "Svalbard and Jan Mayen",
        "slug": "svalbardandjanmayen"
    }
},
{
    "model": "nutr.tag",
    "pk": 1296,
    "fields": {
        "name": "Swaziland",
        "slug": "swaziland"
    }
},
{
    "model": "nutr.tag",
    "pk": 1297,
    "fields": {
        "name": "Sweden",
        "slug": "sweden"
    }
},
{
    "model": "nutr.tag",
    "pk": 1298,
    "fields": {
        "name": "Switzerland",
        "slug": "switzerland"
    }
},
{
    "model": "nutr.tag",
    "pk": 1299,
    "fields": {
        "name": "Syria",
        "slug": "syria"
    }
},
{
    "model": "nutr.tag",
    "pk": 1300,
    "fields": {
        "name": "S\u00e3o Tom\u00e9 and Pr\u00edncipe",
        "slug": "saotomeandprincipe"
    }
},
{
    "model": "nutr.tag",
    "pk": 1301,
    "fields": {
        "name": "Taiwan",
        "slug": "taiwan"
    }
},
{
    "model": "nutr.tag",
    "pk": 1302,
    "fields": {
        "name": "Tajikistan",
        "slug": "tajikistan"
    }
},
{
    "model": "nutr.tag",
    "pk": 1303,
    "fields": {
        "name": "Tanzania",
        "slug": "tanzania"
    }
},
{
    "model": "nutr.tag",
    "pk": 1304,
    "fields": {
        "name": "Thailand",
        "slug": "thailand"
    }
},
{
    "model": "nutr.tag",
    "pk": 1305,
    "fields": {
        "name": "Timor-Leste",
        "slug": "timorleste"
    }
},
{
    "model": "nutr.tag",
    "pk": 1306,
    "fields": {
        "name": "Togo",
        "slug": "togo"
    }
},
{
    "model": "nutr.tag",
    "pk": 1307,
    "fields": {
        "name": "Tokelau",
        "slug": "tokelau"
    }
},
{
    "model": "nutr.tag",
    "pk": 1308,
    "fields": {
        "name": "Tonga",
        "slug": "tonga"
    }
},
{
    "model": "nutr.tag",
    "pk": 1309,
    "fields": {
        "name": "Trinidad and Tobago",
        "slug": "trinidadandtobago"
    }
},
{
    "model": "nutr.tag",
    "pk": 1310,
    "fields": {
        "name": "Tunisia",
        "slug": "tunisia"
    }
},
{
    "model": "nutr.tag",
    "pk": 1311,
    "fields": {
        "name": "Turkey",
        "slug": "turkey"
    }
},
{
    "model": "nutr.tag",
    "pk": 1312,
    "fields": {
        "name": "Turkmenistan",
        "slug": "turkmenistan"
    }
},
{
    "model": "nutr.tag",
    "pk": 1313,
    "fields": {
        "name": "Turks and Caicos Islands",
        "slug": "turksandcaicosislands"
    }
},
{
    "model": "nutr.tag",
    "pk": 1314,
    "fields": {
        "name": "Tuvalu",
        "slug": "tuvalu"
    }
},
{
    "model": "nutr.tag",
    "pk": 1315,
    "fields": {
        "name": "U.S. Minor Outlying Islands",
        "slug": "usminoroutlyingislands"
    }
},
{
    "model": "nutr.tag",
    "pk": 1316,
    "fields": {
        "name": "U.S. Miscellaneous Pacific Islands",
        "slug": "usmiscellaneouspacificislands"
    }
},
{
    "model": "nutr.tag",
    "pk": 1317,
    "fields": {
        "name": "U.S. Virgin Islands",
        "slug": "usvirginislands"
    }
},
{
    "model": "nutr.tag",
    "pk": 1318,
    "fields": {
        "name": "Uganda",
        "slug": "uganda"
    }
},
{
    "model": "nutr.tag",
    "pk": 1319,
    "fields": {
        "name": "Ukraine",
        "slug": "ukraine"
    }
},
{
    "model": "nutr.tag",
    "pk": 1320,
    "fields": {
        "name": "Union of Soviet Socialist Republics",
        "slug": "unionofsovietsocialistrepublics"
    }
},
{
    "model": "nutr.tag",
    "pk": 1321,
    "fields": {
        "name": "United Arab Emirates",
        "slug": "unitedarabemirates"
    }
},
{
    "model": "nutr.tag",
    "pk": 1322,
    "fields": {
        "name": "United Kingdom",
        "slug": "unitedkingdom"
    }
},
{
    "model": "nutr.tag",
    "pk": 1323,
    "fields": {
        "name": "United States",
        "slug": "unitedstates"
    }
},
{
    "model": "nutr.tag",
    "pk": 1324,
    "fields": {
        "name": "Unknown or Invalid Region",
        "slug": "unknownorinvalidregion"
    }
},
{
    "model": "nutr.tag",
    "pk": 1325,
    "fields": {
        "name": "Uruguay",
        "slug": "uruguay"
    }
},
{
    "model": "nutr.tag",
    "pk": 1326,
    "fields": {
        "name": "Uzbekistan",
        "slug": "uzbekistan"
    }
},
{
    "model": "nutr.tag",
    "pk": 1327,
    "fields": {
        "name": "Vanuatu",
        "slug": "vanuatu"
    }
},
{
    "model": "nutr.tag",
    "pk": 1328,
    "fields": {
        "name": "Vatican City",
        "slug": "vaticancity"
    }
},
{
    "model": "nutr.tag",
    "pk": 1329,
    "fields": {
        "name": "Venezuela",
        "slug": "venezuela"
    }
},
{
    "model": "nutr.tag",
    "pk": 1330,
    "fields": {
        "name": "Vietnam",
        "slug": "vietnam"
    }
},
{
    "model": "nutr.tag",
    "pk": 1331,
    "fields": {
        "name": "Wake Island",
        "slug": "wakeisland"
    }
},
{
    "model": "nutr.tag",
    "pk": 1332,
    "fields": {
        "name": "Wallis and Futuna",
        "slug": "wallisandfutuna"
    }
},
{
    "model": "nutr.tag",
    "pk": 1333,
    "fields": {
        "name": "Western Sahara",
        "slug": "westernsahara"
    }
},
{
    "model": "nutr.tag",
    "pk": 1334,
    "fields": {
        "name": "Yemen",
        "slug": "yemen"
    }
},
{
    "model": "nutr.tag",
    "pk": 1335,
    "fields": {
        "name": "Zambia",
        "slug": "zambia"
    }
},
{
    "model": "nutr.tag",
    "pk": 1336,
    "fields": {
        "name": "Zimbabwe",
        "slug": "zimbabwe"
    }
},
{
    "model": "nutr.tag",
    "pk": 1337,
    "fields": {
        "name": "\u00c5land Islands",
        "slug": "alandislands"
    }
},
{
    "model": "nutr.tag",
    "pk": 1341,
    "fields": {
        "name": "California",
        "slug": "california"
    }
},
{
    "model": "nutr.poc",
    "pk": 8597,
    "fields": {
        "name": "Arif Yunus",
        "slug": "arifyunus",
        "image": "Arif_Yunus.jpg",
        "tag": 1088,
        "link": "https://en.wikipedia.org/wiki/Arif_Yunus",
        "created_date": "2017-07-05"
    }
},
{
    "model": "nutr.poc",
    "pk": 8598,
    "fields": {
        "name": "Leyla Yunus;",
        "slug": "leylayunus",
        "image": "Leyla_Yunus.jpg",
        "tag": 1088,
        "link": "https://en.wikipedia.org/wiki/Leyla_Yunus;",
        "created_date": "2017-07-05"
    }
},
{
    "model": "nutr.poc",
    "pk": 8599,
    "fields": {
        "name": "Vidadi Isgandarov",
        "slug": "vidadiisgandarov",
        "image": "VI.jpg",
        "tag": 1088,
        "link": "https://en.wikipedia.org/wiki/Vidadi_Isgandarov",
        "created_date": "2017-07-05"
    }
},
{
    "model": "nutr.poc",
    "pk": 8600,
    "fields": {
        "name": "Taleh Khasmammadov",
        "slug": "talehkhasmammadov",
        "image": "Taleh_Khasmammadov.jpg",
        "tag": 1088,
        "link": "https://en.wikipedia.org/wiki/Taleh_Khasmammadov",
        "created_date": "2017-07-05"
    }
},
{
    "model": "nutr.poc",
    "pk": 8601,
    "fields": {
        "name": "Bakhtiyar Guliy",
        "slug": "bakhtiyarguliyev",
        "image": "Bakhtiyar_Guliyev.jpg",
        "tag": 1088,
        "link": "https://en.wikipedia.org/wiki/Bakhtiyar_Guliyev",
        "created_date": "2017-07-05"
    }
},
{
    "model": "nutr.poc",
    "pk": 8602,
    "fields": {
        "name": "Mahammad Aziz",
        "slug": "mahammadazizov",
        "image": "Mahammad_Azizov.jpg",
        "tag": 1088,
        "link": "https://en.wikipedia.org/wiki/Mahammad_Azizov",
        "created_date": "2017-07-05"
    }
},
{
    "model": "nutr.poc",
    "pk": 8603,
    "fields": {
        "name": "Shahin Novruz",
        "slug": "shahinnovruzlu",
        "image": "Shahin_Novruzlu.jpg",
        "tag": 1088,
        "link": "https://en.wikipedia.org/wiki/Shahin_Novruzlu",
        "created_date": "2017-07-05"
    }
},
{
    "model": "nutr.poc",
    "pk": 8604,
    "fields": {
        "name": "Rashad Hasanov",
        "slug": "rashadhasanov",
        "image": "Rashad_Hasanov.jpg",
        "tag": 1088,
        "link": "https://en.wikipedia.org/wiki/Rashad_Hasanov",
        "created_date": "2017-07-05"
    }
},
{
    "model": "nutr.poc",
    "pk": 8605,
    "fields": {
        "name": "Rashadat Akhund",
        "slug": "rashadatakhundov",
        "image": "Rashadat_Akhundov.jpg",
        "tag": 1088,
        "link": "https://en.wikipedia.org/wiki/Rashadat_Akhundov",
        "created_date": "2017-07-05"
    }
},
{
    "model": "nutr.poc",
    "pk": 8606,
    "fields": {
        "name": "Zaur Gurban",
        "slug": "zaurgurbanli",
        "image": "Zaur_Gurbanli.jpg",
        "tag": 1088,
        "link": "https://en.wikipedia.org/wiki/Zaur_Gurbanli",
        "created_date": "2017-07-05"
    }
},
{
    "model": "nutr.poc",
    "pk": 8607,
    "fields": {
        "name": "Uzeyir Mammad",
        "slug": "uzeyirmammadli",
        "image": "Uzeyir_Mammadli.jpg",
        "tag": 1088,
        "link": "https://en.wikipedia.org/wiki/Uzeyir_Mammadli",
        "created_date": "2017-07-05"
    }
},
{
    "model": "nutr.poc",
    "pk": 8608,
    "fields": {
        "name": "Ilkin Rustamzade",
        "slug": "ilkinrustamzade",
        "image": "Ilkin_Rustamzade.jpg",
        "tag": 1088,
        "link": "https://en.wikipedia.org/wiki/Ilkin_Rustamzade",
        "created_date": "2017-07-05"
    }
},
{
    "model": "nutr.poc",
    "pk": 8609,
    "fields": {
        "name": "Mahdi Abu Deeb",
        "slug": "mahdiabudeeb",
        "image": "Mahdi_Abu_Deeb.jpg",
        "tag": 1090,
        "link": "https://en.wikipedia.org/wiki/Mahdi_Abu_Deeb",
        "created_date": "2017-07-05"
    }
},
{
    "model": "nutr.poc",
    "pk": 8610,
    "fields": {
        "name": "Mohammad Sanad al-Makina and the bahrain Thirte",
        "slug": "mohammadsanadalmakinaandthebahrainthirteen",
        "image": "Mohammad_Sanad_al-Makina_and_the_bahrain_Thirteen.jpg",
        "tag": 1090,
        "link": "https://en.wikipedia.org/wiki/Mohammad_Sanad_al-Makina_and_the_bahrain_Thirteen",
        "created_date": "2017-07-05"
    }
},
{
    "model": "nutr.poc",
    "pk": 8611,
    "fields": {
        "name": "Abdulhadi al-Khawa",
        "slug": "abdulhadialkhawaja",
        "image": "Abdulhadi_al-Khawaja.jpg",
        "tag": 1090,
        "link": "https://en.wikipedia.org/wiki/Abdulhadi_al-Khawaja",
        "created_date": "2017-07-05"
    }
},
{
    "model": "nutr.poc",
    "pk": 8612,
    "fields": {
        "name": "Hassan Mushai",
        "slug": "hassanmushaima",
        "image": "Hassan_Mushaima.jpg",
        "tag": 1090,
        "link": "https://en.wikipedia.org/wiki/Hassan_Mushaima",
        "created_date": "2017-07-05"
    }
},
{
    "model": "nutr.poc",
    "pk": 8613,
    "fields": {
        "name": "Abdelwahab Hussa",
        "slug": "abdelwahabhussain",
        "image": "Abdelwahab_Hussain.jpg",
        "tag": 1090,
        "link": "https://en.wikipedia.org/wiki/Abdelwahab_Hussain",
        "created_date": "2017-07-05"
    }
},
{
    "model": "nutr.poc",
    "pk": 8614,
    "fields": {
        "name": "Abdel-Jalil al-Singa",
        "slug": "abdeljalilalsingace",
        "image": "Abdel-Jalil_al-Singace.jpg",
        "tag": 1090,
        "link": "https://en.wikipedia.org/wiki/Abdel-Jalil_al-Singace",
        "created_date": "2017-07-05"
    }
},
{
    "model": "nutr.poc",
    "pk": 8615,
    "fields": {
        "name": "Mohammad Habib al-Miqd",
        "slug": "mohammadhabibalmiqdad",
        "image": "Mohammad_Habib_al-Miqdad.jpg",
        "tag": 1090,
        "link": "https://en.wikipedia.org/wiki/Mohammad_Habib_al-Miqdad",
        "created_date": "2017-07-05"
    }
},
{
    "model": "nutr.poc",
    "pk": 8616,
    "fields": {
        "name": "Abdel-Jalil al-Miqd",
        "slug": "abdeljalilalmiqdad",
        "image": "Abdel-Jalil_al-Miqdad.jpg",
        "tag": 1090,
        "link": "https://en.wikipedia.org/wiki/Abdel-Jalil_al-Miqdad",
        "created_date": "2017-07-05"
    }
},
{
    "model": "nutr.poc",
    "pk": 8617,
    "fields": {
        "name": "Sa'eed Mirza al-Nu",
        "slug": "saeedmirzaalnuri",
        "image": "Sa'eed_Mirza_al-Nuri.jpg",
        "tag": 1090,
        "link": "https://en.wikipedia.org/wiki/Sa'eed_Mirza_al-Nuri",
        "created_date": "2017-07-05"
    }
},
{
    "model": "nutr.poc",
    "pk": 8618,
    "fields": {
        "name": "Mohammad Hassan Jaww",
        "slug": "mohammadhassanjawwad",
        "image": "Mohammad_Hassan_Jawwad.jpg",
        "tag": 1090,
        "link": "https://en.wikipedia.org/wiki/Mohammad_Hassan_Jawwad",
        "created_date": "2017-07-05"
    }
},
{
    "model": "nutr.poc",
    "pk": 8619,
    "fields": {
        "name": "Mohammad Ali Ridha Isma'",
        "slug": "mohammadaliridhaismail",
        "image": "Mohammad_Ali_Ridha_Isma'il.jpg",
        "tag": 1090,
        "link": "https://en.wikipedia.org/wiki/Mohammad_Ali_Ridha_Isma'il",
        "created_date": "2017-07-05"
    }
},
{
    "model": "nutr.poc",
    "pk": 8620,
    "fields": {
        "name": "Abdullah al-Mahro",
        "slug": "abdullahalmahroos",
        "image": "Abdullah_al-Mahroos.jpg",
        "tag": 1090,
        "link": "https://en.wikipedia.org/wiki/Abdullah_al-Mahroos",
        "created_date": "2017-07-05"
    }
},
{
    "model": "nutr.poc",
    "pk": 8621,
    "fields": {
        "name": "Abdul-Hadi Abdullah Hassan al-Mukhodh",
        "slug": "abdulhadiabdullahhassanalmukhodher",
        "image": "Abdul-Hadi_Abdullah_Hassan_al-Mukhodher.jpg",
        "tag": 1090,
        "link": "https://en.wikipedia.org/wiki/Abdul-Hadi_Abdullah_Hassan_al-Mukhodher",
        "created_date": "2017-07-05"
    }
},
{
    "model": "nutr.poc",
    "pk": 8622,
    "fields": {
        "name": "Ebrahim Shar",
        "slug": "ebrahimsharif",
        "image": "Ebrahim_Sharif.jpg",
        "tag": 1090,
        "link": "https://en.wikipedia.org/wiki/Ebrahim_Sharif",
        "created_date": "2017-07-05"
    }
},
{
    "model": "nutr.poc",
    "pk": 8623,
    "fields": {
        "name": "Salah Abdullah Hubail al-Khawaja",
        "slug": "salahabdullahhubailalkhawaja",
        "image": "Salah_Abdullah_Hubail_al-Khawaja.jpg",
        "tag": 1090,
        "link": "https://en.wikipedia.org/wiki/Salah_Abdullah_Hubail_al-Khawaja",
        "created_date": "2017-07-05"
    }
},
{
    "model": "nutr.poc",
    "pk": 8624,
    "fields": {
        "name": "Iryna Khalip",
        "slug": "irynakhalip",
        "image": "Iryna_Khalip.jpg",
        "tag": 1093,
        "link": "https://en.wikipedia.org/wiki/Iryna_Khalip",
        "created_date": "2017-07-05"
    }
},
{
    "model": "nutr.poc",
    "pk": 8625,
    "fields": {
        "name": "Eduard Lobau",
        "slug": "eduardlobau",
        "image": "Eduard_Lobau.jpg",
        "tag": 1093,
        "link": "https://en.wikipedia.org/wiki/Eduard_Lobau",
        "created_date": "2017-07-05"
    }
},
{
    "model": "nutr.poc",
    "pk": 8626,
    "fields": {
        "name": "Uladzimir Niaklajeu",
        "slug": "uladzimirniaklajeu",
        "image": "Uladzimir_Niaklajeu3.jpg",
        "tag": 1093,
        "link": "https://en.wikipedia.org/wiki/Uladzimir_Niaklajeu",
        "created_date": "2017-07-05"
    }
},
{
    "model": "nutr.poc",
    "pk": 8627,
    "fields": {
        "name": "Pavel Sevyarynets",
        "slug": "pavelsevyarynets",
        "image": "Pavel_Sieviaryniets.jpg",
        "tag": 1093,
        "link": "https://en.wikipedia.org/wiki/Pavel_Sevyarynets[]_",
        "created_date": "2017-07-05"
    }
},
{
    "model": "nutr.poc",
    "pk": 8628,
    "fields": {
        "name": "Mikola Statkevich",
        "slug": "mikolastatkevich",
        "image": "Mikola_Statkevich.jpg",
        "tag": 1093,
        "link": "https://en.wikipedia.org/wiki/Mikola_Statkevich",
        "created_date": "2017-07-05"
    }
},
{
    "model": "nutr.poc",
    "pk": 8629,
    "fields": {
        "name": "Anton Suryapin",
        "slug": "antonsuryapin",
        "image": "Anton_Suryapin.jpg",
        "tag": 1093,
        "link": "https://en.wikipedia.org/wiki/Anton_Suryapin",
        "created_date": "2017-07-05"
    }
},
{
    "model": "nutr.poc",
    "pk": 8630,
    "fields": {
        "name": "Yorm Bopha",
        "slug": "yormbopha",
        "image": "Yorm_Bopha.jpg",
        "tag": null,
        "link": "",
        "created_date": "2017-07-05"
    }
},
{
    "model": "nutr.poc",
    "pk": 8631,
    "fields": {
        "name": "Aster Fissehatsion",
        "slug": "asterfissehatsion",
        "image": "Aster_Fissehatsion.jpg",
        "tag": 1144,
        "link": "https://en.wikipedia.org/wiki/Aster_Fissehatsion",
        "created_date": "2017-07-05"
    }
},
{
    "model": "nutr.poc",
    "pk": 8632,
    "fields": {
        "name": "Dawit Isaak",
        "slug": "dawitisaak",
        "image": "Dawit_Isaak.jpg",
        "tag": 1144,
        "link": "https://en.wikipedia.org/wiki/Dawit_Isaak",
        "created_date": "2017-07-05"
    }
},
{
    "model": "nutr.poc",
    "pk": 8633,
    "fields": {
        "name": "Mahmoud Ahmed Sheriffo",
        "slug": "mahmoudahmedsheriffo",
        "image": "Mahmoud_Ahmed_Sheriffo.jpg",
        "tag": 1144,
        "link": "https://en.wikipedia.org/wiki/Mahmoud_Ahmed_Sheriffo",
        "created_date": "2017-07-05"
    }
},
{
    "model": "nutr.poc",
    "pk": 8634,
    "fields": {
        "name": "Petros Solomon[",
        "slug": "petrossolomon",
        "image": "Petros_Solomon[]_.jpg",
        "tag": 1144,
        "link": "https://en.wikipedia.org/wiki/Petros_Solomon[]_",
        "created_date": "2017-07-05"
    }
},
{
    "model": "nutr.poc",
    "pk": 8635,
    "fields": {
        "name": "Haile Woldetensae",
        "slug": "hailewoldetensae",
        "image": "Haile_Woldetensae.jpg",
        "tag": 1144,
        "link": "https://en.wikipedia.org/wiki/Haile_Woldetensae",
        "created_date": "2017-07-05"
    }
},
{
    "model": "nutr.poc",
    "pk": 8636,
    "fields": {
        "name": "Eskinder Nega",
        "slug": "eskindernega",
        "image": "Eskinder_Nega.jpg",
        "tag": 1146,
        "link": "https://en.wikipedia.org/wiki/Eskinder_Nega",
        "created_date": "2017-07-05"
    }
},
{
    "model": "nutr.poc",
    "pk": 8637,
    "fields": {
        "name": "Ebrima Manneh",
        "slug": "ebrimamanneh",
        "image": "Ebrima_Manneh.jpg",
        "tag": null,
        "link": "",
        "created_date": "2017-07-05"
    }
},
{
    "model": "nutr.poc",
    "pk": 8638,
    "fields": {
        "name": "Binayak Sen",
        "slug": "binayaksen",
        "image": "Binayak_Sen.jpg",
        "tag": 1178,
        "link": "https://en.wikipedia.org/wiki/Binayak_Sen",
        "created_date": "2017-07-05"
    }
},
{
    "model": "nutr.poc",
    "pk": 8639,
    "fields": {
        "name": "Soni Sori;",
        "slug": "sonisori",
        "image": "Soni_Sori;.jpg",
        "tag": 1178,
        "link": "https://en.wikipedia.org/wiki/Soni_Sori;",
        "created_date": "2017-07-05"
    }
},
{
    "model": "nutr.poc",
    "pk": 8640,
    "fields": {
        "name": "Irom Sharmila Chanu",
        "slug": "iromsharmilachanu",
        "image": "Irom_Sharmila_Chanu.jpg",
        "tag": 1178,
        "link": "https://en.wikipedia.org/wiki/Irom_Sharmila_Chanu",
        "created_date": "2017-07-05"
    }
},
{
    "model": "nutr.poc",
    "pk": 8641,
    "fields": {
        "name": "Mordechai Vanu",
        "slug": "mordechaivanunu",
        "image": "Mordechai_Vanunu.jpg",
        "tag": 1184,
        "link": "https://en.wikipedia.org/wiki/Mordechai_Vanunu",
        "created_date": "2017-07-05"
    }
},
{
    "model": "nutr.poc",
    "pk": 8642,
    "fields": {
        "name": "Bahman Ahmadi Amou'i",
        "slug": "bahmanahmadiamoui",
        "image": "Bahman_Ahmadi_Amou'i.jpg",
        "tag": 1180,
        "link": "https://en.wikipedia.org/wiki/Bahman_Ahmadi_Amou'i",
        "created_date": "2017-07-05"
    }
},
{
    "model": "nutr.poc",
    "pk": 8643,
    "fields": {
        "name": "Zhila Bani-Yaghoub",
        "slug": "zhilabaniyaghoub",
        "image": "Zhila_Bani-Yaghoub.jpg",
        "tag": 1180,
        "link": "https://en.wikipedia.org/wiki/Zhila_Bani-Yaghoub",
        "created_date": "2017-07-05"
    }
},
{
    "model": "nutr.poc",
    "pk": 8644,
    "fields": {
        "name": "Arzhang Davoodi",
        "slug": "arzhangdavoodi",
        "image": "Arzhang_Davoodi.jpg",
        "tag": 1180,
        "link": "https://en.wikipedia.org/wiki/Arzhang_Davoodi",
        "created_date": "2017-07-05"
    }
},
{
    "model": "nutr.poc",
    "pk": 8645,
    "fields": {
        "name": "Ghoncheh Ghavami",
        "slug": "ghonchehghavami",
        "image": "Ghoncheh_Ghavami.jpg",
        "tag": 1180,
        "link": "https://en.wikipedia.org/wiki/Ghoncheh_Ghavami",
        "created_date": "2017-07-05"
    }
},
{
    "model": "nutr.poc",
    "pk": 8646,
    "fields": {
        "name": "Kouhyar Goudarzi",
        "slug": "kouhyargoudarzi",
        "image": "Kouhyar_Goudarzi.jpg",
        "tag": 1180,
        "link": "https://en.wikipedia.org/wiki/Kouhyar_Goudarzi",
        "created_date": "2017-07-05"
    }
},
{
    "model": "nutr.poc",
    "pk": 8647,
    "fields": {
        "name": "Zeynab Jalaliyan",
        "slug": "zeynabjalaliyan",
        "image": "Zeynab_Jalaliyan.jpg",
        "tag": 1180,
        "link": "https://en.wikipedia.org/wiki/Zeynab_Jalaliyan",
        "created_date": "2017-07-05"
    }
},
{
    "model": "nutr.poc",
    "pk": 8648,
    "fields": {
        "name": "Mohammad Sadigh Kabudvand",
        "slug": "mohammadsadighkabudvand",
        "image": "Mohammad_Sadigh_Kabudvand.jpg",
        "tag": 1180,
        "link": "https://en.wikipedia.org/wiki/Mohammad_Sadigh_Kabudvand",
        "created_date": "2017-07-05"
    }
},
{
    "model": "nutr.poc",
    "pk": 8649,
    "fields": {
        "name": "Zhila Karamzadeh-Makvandi",
        "slug": "zhilakaramzadehmakvandi",
        "image": "Zhila_Karamzadek-Makvandi2.jpg",
        "tag": 1180,
        "link": "https://en.wikipedia.org/wiki/Zhila_Karamzadeh-Makvandi",
        "created_date": "2017-07-05"
    }
},
{
    "model": "nutr.poc",
    "pk": 8650,
    "fields": {
        "name": "Habibollah Latifi",
        "slug": "habibollahlatifi",
        "image": "Habibollah_Latifi.jpg",
        "tag": 1180,
        "link": "https://en.wikipedia.org/wiki/Habibollah_Latifi",
        "created_date": "2017-07-05"
    }
},
{
    "model": "nutr.poc",
    "pk": 8651,
    "fields": {
        "name": "Hossein Ronaghi Maleki;",
        "slug": "hosseinronaghimaleki",
        "image": "Hossein_Ronaghi_Maleki3.jpg",
        "tag": 1180,
        "link": "https://en.wikipedia.org/wiki/Hossein_Ronaghi_Maleki;",
        "created_date": "2017-07-05"
    }
},
{
    "model": "nutr.poc",
    "pk": 8652,
    "fields": {
        "name": "Narges Mohammadi",
        "slug": "nargesmohammadi",
        "image": "Narges_Mohammadi4.jpg",
        "tag": 1180,
        "link": "https://en.wikipedia.org/wiki/Narges_Mohammadi",
        "created_date": "2017-07-05"
    }
},
{
    "model": "nutr.poc",
    "pk": 8653,
    "fields": {
        "name": "Parvin Mokhtareh",
        "slug": "parvinmokhtareh",
        "image": "Parvin_Mokhtareh2.jpg",
        "tag": 1180,
        "link": "https://en.wikipedia.org/wiki/Parvin_Mokhtareh",
        "created_date": "2017-07-05"
    }
},
{
    "model": "nutr.poc",
    "pk": 8654,
    "fields": {
        "name": "Abdollah Momeni",
        "slug": "abdollahmomeni",
        "image": "Abdollah_Momeni2.jpg",
        "tag": 1180,
        "link": "https://en.wikipedia.org/wiki/Abdollah_Momeni",
        "created_date": "2017-07-05"
    }
},
{
    "model": "nutr.poc",
    "pk": 8655,
    "fields": {
        "name": "Sayed Ziaoddin (Zia) Nabavi",
        "slug": "sayedziaoddinzianabavi",
        "image": "Sayed_Ziaoddin_(Zia)_Nabavi.jpg",
        "tag": 1180,
        "link": "https://en.wikipedia.org/wiki/Sayed_Ziaoddin_(Zia)_Nabavi",
        "created_date": "2017-07-05"
    }
},
{
    "model": "nutr.poc",
    "pk": 8656,
    "fields": {
        "name": "Mansour Osanlou",
        "slug": "mansourosanlou",
        "image": "Mansour_Osanlou.jpg",
        "tag": 1180,
        "link": "https://en.wikipedia.org/wiki/Mansour_Osanlou",
        "created_date": "2017-07-05"
    }
},
{
    "model": "nutr.poc",
    "pk": 8657,
    "fields": {
        "name": "Jafar Panahi[]",
        "slug": "jafarpanahi",
        "image": "Jafar_Panahi[].jpg",
        "tag": 1180,
        "link": "https://en.wikipedia.org/wiki/Jafar_Panahi[]",
        "created_date": "2017-07-05"
    }
},
{
    "model": "nutr.poc",
    "pk": 8658,
    "fields": {
        "name": "Isa Saharkhiz",
        "slug": "isasaharkhiz",
        "image": "Isa_Saharkhiz.jpg",
        "tag": 1180,
        "link": "https://en.wikipedia.org/wiki/Isa_Saharkhiz",
        "created_date": "2017-07-05"
    }
},
{
    "model": "nutr.poc",
    "pk": 8659,
    "fields": {
        "name": "Mohammad Seifzadeh",
        "slug": "mohammadseifzadeh",
        "image": "Mohammad_Seifzadeh.jpg",
        "tag": 1180,
        "link": "https://en.wikipedia.org/wiki/Mohammad_Seifzadeh",
        "created_date": "2017-07-05"
    }
},
{
    "model": "nutr.poc",
    "pk": 8660,
    "fields": {
        "name": "Reza Shahabi[",
        "slug": "rezashahabi",
        "image": "Reza_Shahabi[]_.jpg",
        "tag": 1180,
        "link": "https://en.wikipedia.org/wiki/Reza_Shahabi[]_",
        "created_date": "2017-07-05"
    }
},
{
    "model": "nutr.poc",
    "pk": 8661,
    "fields": {
        "name": "Saeed Shirzad",
        "slug": "saeedshirzad",
        "image": "Saeed_Shirzad.jpg",
        "tag": 1180,
        "link": "https://en.wikipedia.org/wiki/Saeed_Shirzad",
        "created_date": "2017-07-05"
    }
},
{
    "model": "nutr.poc",
    "pk": 8662,
    "fields": {
        "name": "Abdolfattah Soltani",
        "slug": "abdolfattahsoltani",
        "image": "Abdolfattah_Soltani.jpg",
        "tag": 1180,
        "link": "https://en.wikipedia.org/wiki/Abdolfattah_Soltani",
        "created_date": "2017-07-05"
    }
},
{
    "model": "nutr.poc",
    "pk": 8663,
    "fields": {
        "name": "Heshmat Tabarzadi",
        "slug": "heshmattabarzadi",
        "image": "Heshmat_Tabarzadi.jpg",
        "tag": 1180,
        "link": "https://en.wikipedia.org/wiki/Heshmat_Tabarzadi",
        "created_date": "2017-07-05"
    }
},
{
    "model": "nutr.poc",
    "pk": 8664,
    "fields": {
        "name": "Majid Tavakoli",
        "slug": "majidtavakoli",
        "image": "Majid_Tavakoli.jpg",
        "tag": 1180,
        "link": "https://en.wikipedia.org/wiki/Majid_Tavakoli",
        "created_date": "2017-07-05"
    }
},
{
    "model": "nutr.poc",
    "pk": 8665,
    "fields": {
        "name": "Hamad al-Naqi",
        "slug": "hamadalnaqi",
        "image": "Hamad_al-Naqi.jpg",
        "tag": null,
        "link": "",
        "created_date": "2017-07-05"
    }
},
{
    "model": "nutr.poc",
    "pk": 8666,
    "fields": {
        "name": "Azimzhan Askarov",
        "slug": "azimzhanaskarov",
        "image": "Azimzhan_Askarov.jpg",
        "tag": null,
        "link": "",
        "created_date": "2017-07-05"
    }
},
{
    "model": "nutr.poc",
    "pk": 8667,
    "fields": {
        "name": "Ali Abd Jalil",
        "slug": "aliabdjalil",
        "image": "Ali_Abd_Jalil.jpg",
        "tag": 1209,
        "link": "https://en.wikipedia.org/wiki/Ali_Abd_Jalil",
        "created_date": "2017-07-05"
    }
},
{
    "model": "nutr.poc",
    "pk": 8668,
    "fields": {
        "name": "Mohamed Cheikh Ould Mkhaitir[]",
        "slug": "mohamedcheikhouldmkhaitir",
        "image": "Mohamed_Cheikh_Ould_Mkhaitir[].jpg",
        "tag": 1215,
        "link": "https://en.wikipedia.org/wiki/Mohamed_Cheikh_Ould_Mkhaitir[]",
        "created_date": "2017-07-05"
    }
},
{
    "model": "nutr.poc",
    "pk": 8669,
    "fields": {
        "name": "Ali Anouzla",
        "slug": "alianouzla",
        "image": "Ali_Anouzla.jpg",
        "tag": 1227,
        "link": "https://en.wikipedia.org/wiki/Ali_Anouzla",
        "created_date": "2017-07-05"
    }
},
{
    "model": "nutr.poc",
    "pk": 8670,
    "fields": {
        "name": "Phyo Phyo Aung",
        "slug": "phyophyoaung",
        "image": "Phyo_Phyo_Aung.jpg",
        "tag": null,
        "link": "",
        "created_date": "2017-07-05"
    }
},
{
    "model": "nutr.poc",
    "pk": 8671,
    "fields": {
        "name": "Fela Kuti",
        "slug": "felakuti",
        "image": "Fela_Kuti.jpg",
        "tag": 1240,
        "link": "https://en.wikipedia.org/wiki/Fela_Kuti",
        "created_date": "2017-07-05"
    }
},
{
    "model": "nutr.poc",
    "pk": 8672,
    "fields": {
        "name": "Oh Hae-won",
        "slug": "ohhaewon",
        "image": "Oh_Hae-won.jpg",
        "tag": 1243,
        "link": "https://en.wikipedia.org/wiki/Oh_Hae-won",
        "created_date": "2017-07-05"
    }
},
{
    "model": "nutr.poc",
    "pk": 8673,
    "fields": {
        "name": "Baba J",
        "slug": "babajan",
        "image": "Baba_Jan.jpg",
        "tag": 1249,
        "link": "https://en.wikipedia.org/wiki/Baba_Jan",
        "created_date": "2017-07-05"
    }
},
{
    "model": "nutr.poc",
    "pk": 8674,
    "fields": {
        "name": "Chen Wei",
        "slug": "chenwei",
        "image": "Chen_Wei.jpg",
        "tag": 1120,
        "link": "https://en.wikipedia.org/wiki/Chen_Wei",
        "created_date": "2017-07-05"
    }
},
{
    "model": "nutr.poc",
    "pk": 8675,
    "fields": {
        "name": "Dhondup Wangchen",
        "slug": "dhondupwangchen",
        "image": "Dhondup_Wangchen.jpg",
        "tag": 1120,
        "link": "https://en.wikipedia.org/wiki/Dhondup_Wangchen",
        "created_date": "2017-07-05"
    }
},
{
    "model": "nutr.poc",
    "pk": 8676,
    "fields": {
        "name": "Ershidin Israil",
        "slug": "ershidinisrail",
        "image": "Ershidin_Israil.jpg",
        "tag": 1120,
        "link": "https://en.wikipedia.org/wiki/Ershidin_Israil",
        "created_date": "2017-07-05"
    }
},
{
    "model": "nutr.poc",
    "pk": 8677,
    "fields": {
        "name": "Gao Zhisheng",
        "slug": "gaozhisheng",
        "image": "Gao_Zhisheng2.jpg",
        "tag": 1120,
        "link": "https://en.wikipedia.org/wiki/Gao_Zhisheng",
        "created_date": "2017-07-05"
    }
},
{
    "model": "nutr.poc",
    "pk": 8678,
    "fields": {
        "name": "Guo Feixiong",
        "slug": "guofeixiong",
        "image": "Guo_Feixiong.jpg",
        "tag": 1120,
        "link": "https://en.wikipedia.org/wiki/Guo_Feixiong",
        "created_date": "2017-07-05"
    }
},
{
    "model": "nutr.poc",
    "pk": 8679,
    "fields": {
        "name": "Guo Xiaojun",
        "slug": "guoxiaojun",
        "image": "Guo_Xiaojun.jpg",
        "tag": 1120,
        "link": "https://en.wikipedia.org/wiki/Guo_Xiaojun",
        "created_date": "2017-07-05"
    }
},
{
    "model": "nutr.poc",
    "pk": 8680,
    "fields": {
        "name": "Liu Xiaobo",
        "slug": "liuxiaobo",
        "image": "Liu_Xiaobo.jpg",
        "tag": 1120,
        "link": "https://en.wikipedia.org/wiki/Liu_Xiaobo",
        "created_date": "2017-07-05"
    }
},
{
    "model": "nutr.poc",
    "pk": 8681,
    "fields": {
        "name": "Mao_Hengfeng",
        "slug": "maohengfeng",
        "image": "Mao_Hengfeng.jpg",
        "tag": 1120,
        "link": "https://en.wikipedia.org/wiki/Mao_Hengfeng[]_",
        "created_date": "2017-07-05"
    }
},
{
    "model": "nutr.poc",
    "pk": 8682,
    "fields": {
        "name": "Shi Tao",
        "slug": "shitao",
        "image": "Shi_Tao.jpg",
        "tag": 1120,
        "link": "https://en.wikipedia.org/wiki/Shi_Tao",
        "created_date": "2017-07-05"
    }
},
{
    "model": "nutr.poc",
    "pk": 8683,
    "fields": {
        "name": "Wang Junling",
        "slug": "wangjunling",
        "image": "Wang_Junling.jpg",
        "tag": 1120,
        "link": "https://en.wikipedia.org/wiki/Wang_Junling",
        "created_date": "2017-07-05"
    }
},
{
    "model": "nutr.poc",
    "pk": 8684,
    "fields": {
        "name": "Wang Xiaodong",
        "slug": "wangxiaodong",
        "image": "Wang_Xiaodong.jpg",
        "tag": 1120,
        "link": "https://en.wikipedia.org/wiki/Wang_Xiaodong",
        "created_date": "2017-07-05"
    }
},
{
    "model": "nutr.poc",
    "pk": 8685,
    "fields": {
        "name": "Mikhail Kosenko",
        "slug": "mikhailkosenko",
        "image": "Mikhail_Kosenko.jpg",
        "tag": 1265,
        "link": "https://en.wikipedia.org/wiki/Mikhail_Kosenko",
        "created_date": "2017-07-05"
    }
},
{
    "model": "nutr.poc",
    "pk": 8686,
    "fields": {
        "name": "Nikolay Kavkazsky",
        "slug": "nikolaykavkazsky",
        "image": "Nikolay_Kavkazsky.jpg",
        "tag": 1265,
        "link": "https://en.wikipedia.org/wiki/Nikolay_Kavkazsky",
        "created_date": "2017-07-05"
    }
},
{
    "model": "nutr.poc",
    "pk": 8687,
    "fields": {
        "name": "Ruslan Sokolovsky",
        "slug": "ruslansokolovsky",
        "image": "Ruslan_Sokolovsky.jpg",
        "tag": 1265,
        "link": "https://en.wikipedia.org/wiki/Ruslan_Sokolovsky",
        "created_date": "2017-07-05"
    }
},
{
    "model": "nutr.poc",
    "pk": 8688,
    "fields": {
        "name": "Ildar Dadin",
        "slug": "ildardadin",
        "image": "Ildar_Dadin.jpg",
        "tag": 1265,
        "link": "https://en.wikipedia.org/wiki/Ildar_Dadin",
        "created_date": "2017-07-05"
    }
},
{
    "model": "nutr.poc",
    "pk": 8689,
    "fields": {
        "name": "Yaroslav Belousov",
        "slug": "yaroslavbelousov",
        "image": "Yaroslav_Belousov.jpg",
        "tag": 1265,
        "link": "https://en.wikipedia.org/wiki/Yaroslav_Belousov",
        "created_date": "2017-07-05"
    }
},
{
    "model": "nutr.poc",
    "pk": 8690,
    "fields": {
        "name": "Alexei Naval",
        "slug": "alexeinavalny",
        "image": "Alexei_Navalny.jpg",
        "tag": 1265,
        "link": "https://en.wikipedia.org/wiki/Alexei_Navalny",
        "created_date": "2017-07-05"
    }
},
{
    "model": "nutr.poc",
    "pk": 8691,
    "fields": {
        "name": "Raif Badawi",
        "slug": "raifbadawi",
        "image": "Raif_Badawi.jpg",
        "tag": 1277,
        "link": "https://en.wikipedia.org/wiki/Raif_Badawi",
        "created_date": "2017-07-05"
    }
},
{
    "model": "nutr.poc",
    "pk": 8692,
    "fields": {
        "name": "Mohammad bin Saleh al-Bajadi[",
        "slug": "mohammadbinsalehalbajadi",
        "image": "Mohammad_bin_Saleh_al-Bajadi[]_.jpg",
        "tag": 1277,
        "link": "https://en.wikipedia.org/wiki/Mohammad_bin_Saleh_al-Bajadi[]_",
        "created_date": "2017-07-05"
    }
},
{
    "model": "nutr.poc",
    "pk": 8693,
    "fields": {
        "name": "Saud al-Hashimi",
        "slug": "saudalhashimi",
        "image": "Saud_al-Hashimi.jpg",
        "tag": 1277,
        "link": "https://en.wikipedia.org/wiki/Saud_al-Hashimi",
        "created_date": "2017-07-05"
    }
},
{
    "model": "nutr.poc",
    "pk": 8694,
    "fields": {
        "name": "Khaled al-Johani",
        "slug": "khaledaljohani",
        "image": "Khaled_al-Johani.jpg",
        "tag": 1277,
        "link": "https://en.wikipedia.org/wiki/Khaled_al-Johani",
        "created_date": "2017-07-05"
    }
},
{
    "model": "nutr.poc",
    "pk": 8695,
    "fields": {
        "name": "Hamza Kashgari[]",
        "slug": "hamzakashgari",
        "image": "Hamza_Kashgari[].jpg",
        "tag": 1277,
        "link": "https://en.wikipedia.org/wiki/Hamza_Kashgari[]",
        "created_date": "2017-07-05"
    }
},
{
    "model": "nutr.poc",
    "pk": 8696,
    "fields": {
        "name": "Ashraf Fayadh",
        "slug": "ashraffayadh",
        "image": "Ashraf_Fayadh.jpg",
        "tag": 1277,
        "link": "https://en.wikipedia.org/wiki/Ashraf_Fayadh",
        "created_date": "2017-07-05"
    }
},
{
    "model": "nutr.poc",
    "pk": 8697,
    "fields": {
        "name": "Issa al-Hamid",
        "slug": "issaalhamid",
        "image": "Issa_al-Hamid.jpg",
        "tag": 1277,
        "link": "https://en.wikipedia.org/wiki/Issa_al-Hamid",
        "created_date": "2017-07-05"
    }
},
{
    "model": "nutr.poc",
    "pk": 8698,
    "fields": {
        "name": "Alaa Brinji",
        "slug": "alaabrinji",
        "image": "Alaa_Brinji.jpg",
        "tag": 1277,
        "link": "https://en.wikipedia.org/wiki/Alaa_Brinji",
        "created_date": "2017-07-05"
    }
},
{
    "model": "nutr.poc",
    "pk": 8699,
    "fields": {
        "name": "Ali Mohammed Baqir al-Nimr",
        "slug": "alimohammedbaqiralnimr",
        "image": "Ali_Mohammed_Baqir_al-Nimr.jpg",
        "tag": 1277,
        "link": "https://en.wikipedia.org/wiki/Ali_Mohammed_Baqir_al-Nimr",
        "created_date": "2017-07-05"
    }
},
{
    "model": "nutr.poc",
    "pk": 8700,
    "fields": {
        "name": "Zuhair Kutbi",
        "slug": "zuhairkutbi",
        "image": "Zuhair_Kutbi.jpg",
        "tag": 1277,
        "link": "https://en.wikipedia.org/wiki/Zuhair_Kutbi",
        "created_date": "2017-07-05"
    }
},
{
    "model": "nutr.poc",
    "pk": 8701,
    "fields": {
        "name": "Mikhlif al-Shammari",
        "slug": "mikhlifalshammari",
        "image": "Mikhlif_al-Shammari.jpg",
        "tag": 1277,
        "link": "https://en.wikipedia.org/wiki/Mikhlif_al-Shammari",
        "created_date": "2017-07-05"
    }
},
{
    "model": "nutr.poc",
    "pk": 8702,
    "fields": {
        "name": "Waleed Abu al-Khair",
        "slug": "waleedabualkhair",
        "image": "Waleed_Abu_al-Khair.jpg",
        "tag": 1277,
        "link": "https://en.wikipedia.org/wiki/Waleed_Abu_al-Khair",
        "created_date": "2017-07-05"
    }
},
{
    "model": "nutr.poc",
    "pk": 8703,
    "fields": {
        "name": "Abdulaziz al-Shubaili",
        "slug": "abdulazizalshubaili",
        "image": "Abdulaziz_al-Shubaili.jpg",
        "tag": 1277,
        "link": "https://en.wikipedia.org/wiki/Abdulaziz_al-Shubaili",
        "created_date": "2017-07-05"
    }
},
{
    "model": "nutr.poc",
    "pk": 8704,
    "fields": {
        "name": "Saleh al-Ashwan",
        "slug": "salehalashwan",
        "image": "Saleh_al-Ashwan.jpg",
        "tag": 1277,
        "link": "https://en.wikipedia.org/wiki/Saleh_al-Ashwan",
        "created_date": "2017-07-05"
    }
},
{
    "model": "nutr.poc",
    "pk": 8705,
    "fields": {
        "name": "Omar al-Said[]",
        "slug": "omaralsaid",
        "image": "Omar_al-Said[].jpg",
        "tag": 1277,
        "link": "https://en.wikipedia.org/wiki/Omar_al-Said[]",
        "created_date": "2017-07-05"
    }
},
{
    "model": "nutr.poc",
    "pk": 8706,
    "fields": {
        "name": "Abdulrahman al-Hamid",
        "slug": "abdulrahmanalhamid",
        "image": "Abdulrahman_al-Hamid.jpg",
        "tag": 1277,
        "link": "https://en.wikipedia.org/wiki/Abdulrahman_al-Hamid",
        "created_date": "2017-07-05"
    }
},
{
    "model": "nutr.poc",
    "pk": 8707,
    "fields": {
        "name": "Abdulkareem al-Khoder[]",
        "slug": "abdulkareemalkhoder",
        "image": "Abdulkareem_al-Khoder[].jpg",
        "tag": 1277,
        "link": "https://en.wikipedia.org/wiki/Abdulkareem_al-Khoder[]",
        "created_date": "2017-07-05"
    }
},
{
    "model": "nutr.poc",
    "pk": 8708,
    "fields": {
        "name": "Abdullah al-Hamid",
        "slug": "abdullahalhamid",
        "image": "Abdullah_al-Hamid.jpg",
        "tag": 1277,
        "link": "https://en.wikipedia.org/wiki/Abdullah_al-Hamid",
        "created_date": "2017-07-05"
    }
},
{
    "model": "nutr.poc",
    "pk": 8709,
    "fields": {
        "name": "Mohammed Fahad al-Qahtani",
        "slug": "mohammedfahadalqahtani",
        "image": "Mohammed_Fahad_al-Qahtani.jpg",
        "tag": 1277,
        "link": "https://en.wikipedia.org/wiki/Mohammed_Fahad_al-Qahtani",
        "created_date": "2017-07-05"
    }
},
{
    "model": "nutr.poc",
    "pk": 8710,
    "fields": {
        "name": "Fowzan al-Harbi",
        "slug": "fowzanalharbi",
        "image": "Fowzan_al-Harbi.jpg",
        "tag": 1277,
        "link": "https://en.wikipedia.org/wiki/Fowzan_al-Harbi",
        "created_date": "2017-07-05"
    }
},
{
    "model": "nutr.poc",
    "pk": 8711,
    "fields": {
        "name": "Fadhel al-Manasif",
        "slug": "fadhelalmanasif",
        "image": "Fadhel_al-Manasif.jpg",
        "tag": 1277,
        "link": "https://en.wikipedia.org/wiki/Fadhel_al-Manasif",
        "created_date": "2017-07-05"
    }
},
{
    "model": "nutr.poc",
    "pk": 8712,
    "fields": {
        "name": "Ussamah Mohammed",
        "slug": "ussamahmohammed",
        "image": "Ussamah_Mohammed.jpg",
        "tag": 1293,
        "link": "https://en.wikipedia.org/wiki/Ussamah_Mohammed",
        "created_date": "2017-07-05"
    }
},
{
    "model": "nutr.poc",
    "pk": 8713,
    "fields": {
        "name": "Faisal Saleh",
        "slug": "faisalsaleh",
        "image": "Faisal_Saleh.jpg",
        "tag": 1293,
        "link": "https://en.wikipedia.org/wiki/Faisal_Saleh",
        "created_date": "2017-07-05"
    }
},
{
    "model": "nutr.poc",
    "pk": 8714,
    "fields": {
        "name": "Ali al-Abdullah",
        "slug": "alialabdullah",
        "image": "Ali_al-Abdullah.jpg",
        "tag": 1299,
        "link": "https://en.wikipedia.org/wiki/Ali_al-Abdullah",
        "created_date": "2017-07-05"
    }
},
{
    "model": "nutr.poc",
    "pk": 8715,
    "fields": {
        "name": "Mazen Darwish",
        "slug": "mazendarwish",
        "image": "Mazen_Darwish.jpg",
        "tag": 1299,
        "link": "https://en.wikipedia.org/wiki/Mazen_Darwish",
        "created_date": "2017-07-05"
    }
},
{
    "model": "nutr.poc",
    "pk": 8716,
    "fields": {
        "name": "Shibal Ibrahim",
        "slug": "shibalibrahim",
        "image": "Shibal_Ibrahim.jpg",
        "tag": 1299,
        "link": "https://en.wikipedia.org/wiki/Shibal_Ibrahim",
        "created_date": "2017-07-05"
    }
},
{
    "model": "nutr.poc",
    "pk": 8717,
    "fields": {
        "name": "Riad Seif",
        "slug": "riadseif",
        "image": "Riad_Seif.jpg",
        "tag": 1299,
        "link": "https://en.wikipedia.org/wiki/Riad_Seif",
        "created_date": "2017-07-05"
    }
},
{
    "model": "nutr.poc",
    "pk": 8718,
    "fields": {
        "name": "Somyot Prueksakasemsuk",
        "slug": "somyotprueksakasemsuk",
        "image": "Somyot_Prueksakasemsuk.jpg",
        "tag": 1304,
        "link": "https://en.wikipedia.org/wiki/Somyot_Prueksakasemsuk",
        "created_date": "2017-07-05"
    }
},
{
    "model": "nutr.poc",
    "pk": 8719,
    "fields": {
        "name": "Ramzi Abcha",
        "slug": "ramziabcha",
        "image": "Ramzi_Abcha.jpg",
        "tag": 1310,
        "link": "https://en.wikipedia.org/wiki/Ramzi_Abcha",
        "created_date": "2017-07-05"
    }
},
{
    "model": "nutr.poc",
    "pk": 8720,
    "fields": {
        "name": "Ghazi Beji",
        "slug": "ghazibeji",
        "image": "Ghazi_Beji.jpg",
        "tag": 1310,
        "link": "https://en.wikipedia.org/wiki/Ghazi_Beji",
        "created_date": "2017-07-05"
    }
},
{
    "model": "nutr.poc",
    "pk": 8721,
    "fields": {
        "name": "Ruslan Kotsaba",
        "slug": "ruslankotsaba",
        "image": "Ruslan_Kotsaba.jpg",
        "tag": 1319,
        "link": "https://en.wikipedia.org/wiki/Ruslan_Kotsaba",
        "created_date": "2017-07-05"
    }
},
{
    "model": "nutr.poc",
    "pk": 8722,
    "fields": {
        "name": "Nasser bin Ghaith",
        "slug": "nasserbinghaith",
        "image": "Nasser_bin_Ghaith.jpg",
        "tag": null,
        "link": "",
        "created_date": "2017-07-05"
    }
},
{
    "model": "nutr.poc",
    "pk": 8723,
    "fields": {
        "name": "Saifullah Paracha",
        "slug": "saifullahparacha",
        "image": "Saifullah_Paracha.jpg",
        "tag": null,
        "link": "",
        "created_date": "2017-07-05"
    }
},
{
    "model": "nutr.poc",
    "pk": 8724,
    "fields": {
        "name": "Azam Farmonov",
        "slug": "azamfarmonov",
        "image": "Azam_Farmonov.jpg",
        "tag": 1326,
        "link": "https://en.wikipedia.org/wiki/Azam_Farmonov",
        "created_date": "2017-07-05"
    }
},
{
    "model": "nutr.poc",
    "pk": 8725,
    "fields": {
        "name": "Alisher Karamatov",
        "slug": "alisherkaramatov",
        "image": "Alisher_Karamatov.jpg",
        "tag": 1326,
        "link": "https://en.wikipedia.org/wiki/Alisher_Karamatov",
        "created_date": "2017-07-05"
    }
},
{
    "model": "nutr.poc",
    "pk": 8726,
    "fields": {
        "name": "Solijon Abdrahmanov",
        "slug": "solijonabdrahmanov",
        "image": "Solijon_Abdrahmanov.jpg",
        "tag": 1326,
        "link": "https://en.wikipedia.org/wiki/Solijon_Abdrahmanov",
        "created_date": "2017-07-05"
    }
},
{
    "model": "nutr.poc",
    "pk": 8727,
    "fields": {
        "name": "Leopoldo Lopez",
        "slug": "leopoldolopez",
        "image": "Leopoldo_Lopez.jpg",
        "tag": 1329,
        "link": "https://en.wikipedia.org/wiki/Leopoldo_Lopez",
        "created_date": "2017-07-05"
    }
},
{
    "model": "nutr.poc",
    "pk": 8728,
    "fields": {
        "name": "Cu Huy Ha Vu",
        "slug": "cuhuyhavu",
        "image": "Cu_Huy_Ha_Vu.jpg",
        "tag": 1330,
        "link": "https://en.wikipedia.org/wiki/Cu_Huy_Ha_Vu",
        "created_date": "2017-07-05"
    }
},
{
    "model": "nutr.poc",
    "pk": 8729,
    "fields": {
        "name": "Le Cong Dinh",
        "slug": "lecongdinh",
        "image": "Le_Cong_Dinh.jpg",
        "tag": 1330,
        "link": "https://en.wikipedia.org/wiki/Le_Cong_Dinh",
        "created_date": "2017-07-05"
    }
},
{
    "model": "nutr.poc",
    "pk": 8730,
    "fields": {
        "name": "Nguyen Dan Que",
        "slug": "nguyendanque",
        "image": "Nguyen_Dan_Que.jpg",
        "tag": 1330,
        "link": "https://en.wikipedia.org/wiki/Nguyen_Dan_Que",
        "created_date": "2017-07-05"
    }
},
{
    "model": "nutr.poc",
    "pk": 8731,
    "fields": {
        "name": "Nguyen Van Hai",
        "slug": "nguyenvanhai",
        "image": "Nguyen_Van_Hai.jpg",
        "tag": 1330,
        "link": "https://en.wikipedia.org/wiki/Nguyen_Van_Hai",
        "created_date": "2017-07-05"
    }
},
{
    "model": "nutr.poc",
    "pk": 8732,
    "fields": {
        "name": "Nguyen Van Ly",
        "slug": "nguyenvanly",
        "image": "Nguyen_Van_Ly.jpg",
        "tag": 1330,
        "link": "https://en.wikipedia.org/wiki/Nguyen_Van_Ly",
        "created_date": "2017-07-05"
    }
},
{
    "model": "nutr.poc",
    "pk": 8733,
    "fields": {
        "name": "Phan Thanh Hai",
        "slug": "phanthanhhai",
        "image": "Phan_Thanh_Hai.jpg",
        "tag": 1330,
        "link": "https://en.wikipedia.org/wiki/Phan_Thanh_Hai",
        "created_date": "2017-07-05"
    }
},
{
    "model": "nutr.poc",
    "pk": 8734,
    "fields": {
        "name": "Ta Phong Tan",
        "slug": "taphongtan",
        "image": "Ta_Phong_Tan.jpg",
        "tag": 1330,
        "link": "https://en.wikipedia.org/wiki/Ta_Phong_Tan",
        "created_date": "2017-07-05"
    }
},
{
    "model": "nutr.poc",
    "pk": 8735,
    "fields": {
        "name": "Vi Duc Hoi",
        "slug": "viduchoi",
        "image": "Vi_Duc_Hoi.jpg",
        "tag": 1330,
        "link": "https://en.wikipedia.org/wiki/Vi_Duc_Hoi",
        "created_date": "2017-07-05"
    }
},
{
    "model": "nutr.poc",
    "pk": 8736,
    "fields": {
        "name": "Tran Huynh Duy Thuc",
        "slug": "tranhuynhduythuc",
        "image": "Tran_Huynh_Duy_Thuc.jpg",
        "tag": 1330,
        "link": "https://en.wikipedia.org/wiki/Tran_Huynh_Duy_Thuc",
        "created_date": "2017-07-05"
    }
},
{
    "model": "nutr.poc",
    "pk": 8737,
    "fields": {
        "name": "Qasim Mohamed Sid-Ahmed",
        "slug": "qm06",
        "image": "",
        "tag": 1277,
        "link": "https://www.theguardian.com/world/2017/jan/13/sudan-men-arrested-saudi-arabia-strikes",
        "created_date": "2017-07-07"
    }
},
{
    "model": "nutr.poc",
    "pk": 8738,
    "fields": {
        "name": "Al-Waleed Imam Hassan Taha",
        "slug": "aw32",
        "image": "Al-Waleed_Imam_Hasan_Taha.jpg",
        "tag": 1277,
        "link": "https://www.frontlinedefenders.org/en/profile/al-waleed-imam-hasan-taha",
        "created_date": "2017-07-07"
    }
},
{
    "model": "nutr.poc",
    "pk": 8739,
    "fields": {
        "name": "Hoang Duc Binh",
        "slug": "hd67",
        "image": "Hoang_Duc_Binh.jpg",
        "tag": 1330,
        "link": "http://www.reuters.com/article/us-vietnam-dissident-idUSKCN18B1JX",
        "created_date": "2017-07-07"
    }
},
{
    "model": "nutr.poc",
    "pk": 8740,
    "fields": {
        "name": "Tran Thi Nga",
        "slug": "tran-thi-nga",
        "image": "Tra_Thi_Nga2.jpg",
        "tag": 1330,
        "link": "https://www.hrw.org/news/2017/01/27/vietnam-new-wave-arrests-critics",
        "created_date": "2017-07-07"
    }
},
{
    "model": "nutr.poc",
    "pk": 8741,
    "fields": {
        "name": "Nguyen Van Oai",
        "slug": "nv09",
        "image": "",
        "tag": 1330,
        "link": "https://www.hrw.org/news/2013/01/09/vietnam-release-convicted-activists",
        "created_date": "2017-07-07"
    }
},
{
    "model": "nutr.poc",
    "pk": 8742,
    "fields": {
        "name": "Miraslau Lazouski",
        "slug": "ml05",
        "image": "",
        "tag": 1093,
        "link": "https://www.theguardian.com/books/2017/mar/23/belarus-arrests-authors-publishers-and-journalists-minsk-literature-festival",
        "created_date": "2017-07-08"
    }
},
{
    "model": "nutr.poc",
    "pk": 8743,
    "fields": {
        "name": "Andrey Tolchin",
        "slug": "at65",
        "image": "",
        "tag": 1093,
        "link": "https://www.theguardian.com/books/2017/mar/23/belarus-arrests-authors-publishers-and-journalists-minsk-literature-festival",
        "created_date": "2017-07-08"
    }
},
{
    "model": "nutr.poc",
    "pk": 8745,
    "fields": {
        "name": "Lyubov Luneva",
        "slug": "lyubov-luneva",
        "image": "",
        "tag": 1093,
        "link": "https://www.theguardian.com/books/2017/mar/23/belarus-arrests-authors-publishers-and-journalists-minsk-literature-festival",
        "created_date": "2017-07-08"
    }
},
{
    "model": "nutr.poc",
    "pk": 8752,
    "fields": {
        "name": "Phan Kim Khanh",
        "slug": "phan-kim-khanh",
        "image": "Phan_Kim_Khanh.jpg",
        "tag": 1330,
        "link": "http://www.rfa.org/english/news/vietnam/vietnamese-authorities-arrest-two-bloggers-for-spreading-propaganda-against-the-state-03222017150557.html",
        "created_date": "2017-07-08"
    }
},
{
    "model": "nutr.poc",
    "pk": 8753,
    "fields": {
        "name": "Yuri Apukhtin",
        "slug": "yuri-apukhtin",
        "image": "Yuri_Apukhtin.jpg",
        "tag": 1319,
        "link": "http://www.truth-out.org/news/item/36663-political-prisoners-in-ukraine-a-crisis-ignored-by-western-media",
        "created_date": "2017-07-01"
    }
},
{
    "model": "nutr.poc",
    "pk": 8754,
    "fields": {
        "name": "Enes Kanter",
        "slug": "enes-kanter",
        "image": "",
        "tag": 1311,
        "link": "http://www.sec.marketwatch.com/story/its-crazy-how-turkey-tried-to-arrest-dissident-nba-player-2017-05-31",
        "created_date": "2017-07-08"
    }
},
{
    "model": "nutr.poc",
    "pk": 8755,
    "fields": {
        "name": "Ordukhan Teymurkhan",
        "slug": "ordukhan-teymurkhan",
        "image": "Ordukhan_Teymurkhan.jpg",
        "tag": 1088,
        "link": "http://www.sec.marketwatch.com/story/its-crazy-how-turkey-tried-to-arrest-dissident-nba-player-2017-05-31",
        "created_date": "2017-07-08"
    }
},
{
    "model": "nutr.poc",
    "pk": 8756,
    "fields": {
        "name": "https://www.hrw.org/news/2017/0",
        "slug": "httpswwwhrworgnews20170",
        "image": "Ordukhan_Teymurkhan.jpg",
        "tag": 1088,
        "link": "https://www.hrw.org/news/2017/03/01/azerbaijani-activists-family-arrested-harassed",
        "created_date": "2017-07-08"
    }
},
{
    "model": "nutr.poc",
    "pk": 8757,
    "fields": {
        "name": "Nazl\u0131 Il\u0131cak",
        "slug": "nazl-ilcak",
        "image": "Nazli_Ilicak.jpg",
        "tag": 1311,
        "link": "https://rsf.org/en/campaigns/socialist-meps-write-imprisoned-turkish-journalist-nazli-ilicak",
        "created_date": "2017-07-08"
    }
},
{
    "model": "nutr.poc",
    "pk": 8758,
    "fields": {
        "name": "Abdullah Ocalan",
        "slug": "abdullah-ocalan",
        "image": "Abdullah_Ocalan.jpg",
        "tag": 1311,
        "link": "http://www.aljazeera.com/news/europe/2013/03/201332114565201776.html",
        "created_date": "2017-07-08"
    }
},
{
    "model": "nutr.poc",
    "pk": 8759,
    "fields": {
        "name": "Selahattin Demirta\u015f",
        "slug": "selahattin-demirtas",
        "image": "Selahattin_Demirtas.jpg",
        "tag": 1311,
        "link": "https://www.theguardian.com/world/2016/nov/04/turkey-arrests-pro-kurdish-party-leaders-mps",
        "created_date": "2016-11-04"
    }
},
{
    "model": "nutr.poc",
    "pk": 8760,
    "fields": {
        "name": "Sebahat Tuncel",
        "slug": "sebahat-tuncel",
        "image": "Sebahat_Tuncel.jpg",
        "tag": 1311,
        "link": "https://www.washingtonpost.com/world/turkey-arrests-kurdish-parliamentarians-as-crackdown-widens/2016/11/04/d4176328-a221-11e6-8864-6f892cad0865_story.html?utm_term=.d17d5cbe67cd",
        "created_date": "2017-07-09"
    }
},
{
    "model": "nutr.poc",
    "pk": 8761,
    "fields": {
        "name": "Figen Yuksekdag",
        "slug": "figen-yuksekdag",
        "image": "Figen_Yuksekdag.jpg",
        "tag": 1311,
        "link": "http://www.aljazeera.com/news/2016/11/turkey-arrests-pro-kurdish-opposition-leaders-161104141452597.html",
        "created_date": "2017-07-09"
    }
},
{
    "model": "nutr.poc",
    "pk": 8762,
    "fields": {
        "name": "Gultan Kisanak",
        "slug": "gultan-kisanak",
        "image": "Gultan_Kisanak.jpg",
        "tag": 1311,
        "link": "https://www.nytimes.com/2016/12/10/world/europe/turkey-kurdish-mayors-expect-arrests.html",
        "created_date": "2017-07-09"
    }
},
{
    "model": "nutr.poc",
    "pk": 8763,
    "fields": {
        "name": "Ibrahim Binici",
        "slug": "ibrahim-binici",
        "image": "Ibrahim_Binici.jpg",
        "tag": 1311,
        "link": "http://www.independent.co.uk/news/world/asia/turkey-235-arrested-kurdish-militant-propaganda-turkish-interior-ministry-erdogan-latest-a7469531.html",
        "created_date": "2017-07-09"
    }
},
{
    "model": "nutr.poc",
    "pk": 8764,
    "fields": {
        "name": "Berdan Ozturk",
        "slug": "berdan-ozturk",
        "image": "Berdan_Ozturk.jpg",
        "tag": 1311,
        "link": "http://www.middleeasteye.net/news/dozens-pro-kurdish-officials-arrested-turkey-crackdown-2147031089",
        "created_date": "2017-07-09"
    }
},
{
    "model": "nutr.poc",
    "pk": 8765,
    "fields": {
        "name": "Mehmet Emin Adiyaman",
        "slug": "mehmet-emin-adiyaman",
        "image": "Mehmet_Emin_Adiyaman.jpg",
        "tag": 1311,
        "link": "http://www.middleeasteye.net/news/dozens-pro-kurdish-officials-arrested-turkey-crackdown-2147031089",
        "created_date": "2017-07-09"
    }
},
{
    "model": "nutr.poc",
    "pk": 8766,
    "fields": {
        "name": "Maxime Azadi",
        "slug": "maxime-azadi",
        "image": "Maxime_Azadi.jpg",
        "tag": 1311,
        "link": "http://www.france24.com/en/20161222-turkey-eu-kurdish-press-french-journalist-arrest-belgium",
        "created_date": "2017-07-09"
    }
},
{
    "model": "nutr.poc",
    "pk": 8767,
    "fields": {
        "name": "Renas Jiyan",
        "slug": "renas-jiyan",
        "image": "Renas_Jiyan.jpg",
        "tag": 1311,
        "link": "http://www.kurdistan24.net/en/news/5b5c87dd-399e-412a-897a-eb3444282ae0/Turkey-arrests-two-Kurdish-authors--releases-another",
        "created_date": "2017-07-09"
    }
},
{
    "model": "nutr.poc",
    "pk": 8768,
    "fields": {
        "name": "Murat Ozyasar",
        "slug": "murat-ozyasar",
        "image": "Murat_Ozyasar.jpg",
        "tag": 1311,
        "link": "http://www.kurdistan24.net/en/news/5b5c87dd-399e-412a-897a-eb3444282ae0/Turkey-arrests-two-Kurdish-authors--releases-another",
        "created_date": "2017-07-09"
    }
},
{
    "model": "nutr.newslink",
    "pk": 13,
    "fields": {
        "title": "Mahammad Aziz",
        "slug": "mahammadaziz02",
        "pub_date": "2012-02-02",
        "link": "https://en.wikipedia.org/wiki/Mahammad_Azizov",
        "poc": 8602
    }
},
{
    "model": "nutr.newslink",
    "pk": 14,
    "fields": {
        "title": "Title",
        "slug": "title",
        "pub_date": "2013-01-01",
        "link": "https://en.wikipedia.org/wiki/Ilgar_Mammadov",
        "poc": 8710
    }
},
{
    "model": "nutr.newslink",
    "pk": 15,
    "fields": {
        "title": "Bahrain rejects jailed opposition activists' appeal",
        "slug": "abduljalilalmiqdad",
        "pub_date": "2013-01-07",
        "link": "http://www.bbc.com/news/world-middle-east-20930702",
        "poc": 8616
    }
},
{
    "model": "nutr.newslink",
    "pk": 16,
    "fields": {
        "title": "BBC: Eritrea urged to free dissident Aster Fissehatsion",
        "slug": "fissehatsion04",
        "pub_date": "2011-09-16",
        "link": "http://www.bbc.com/news/world-africa-14945646",
        "poc": 8631
    }
},
{
    "model": "nutr.newslink",
    "pk": 17,
    "fields": {
        "title": "Inter-Parliamentary Union",
        "slug": "fisselhatsion06",
        "pub_date": "2014-05-26",
        "link": "https://beta.ipu.org/news/features/human-rights-cases/2014-05/aster-fissehatsion-eritrea",
        "poc": 8631
    }
},
{
    "model": "nutr.newslink",
    "pk": 18,
    "fields": {
        "title": "Worcester",
        "slug": "fissehatsion08",
        "pub_date": "2011-09-18",
        "link": "http://www.worcester-amnesty.org.uk/page6.htm",
        "poc": 8631
    }
},
{
    "model": "nutr.newslink",
    "pk": 19,
    "fields": {
        "title": "Yorm Bopha released on bail",
        "slug": "yb02",
        "pub_date": "2013-11-22",
        "link": "https://www.amnesty.org.uk/blogs/urgent-action-network/yorm-bopha-released-bail",
        "poc": 8630
    }
},
{
    "model": "nutr.newslink",
    "pk": 20,
    "fields": {
        "title": "Defying tradition and injustice Yorm Bopha and Tep Vanny",
        "slug": "yb04",
        "pub_date": "2013-11-01",
        "link": "http://www.womensrights.asia/rfa_yorm_bopha_and_tep_vanny.html",
        "poc": 8630
    }
},
{
    "model": "nutr.newslink",
    "pk": 21,
    "fields": {
        "title": "Anton Suryapin, Student Photojournalist, Could Face 7 Years In",
        "slug": "as02",
        "pub_date": "2012-08-14",
        "link": "http://www.huffingtonpost.com/2012/08/14/anton-suryapin-student-ph_n_1775593.html",
        "poc": 8629
    }
},
{
    "model": "nutr.newslink",
    "pk": 22,
    "fields": {
        "title": "Facebook: Anton Suryapin",
        "slug": "as15",
        "pub_date": "2014-06-27",
        "link": "https://www.facebook.com/surapin",
        "poc": 8629
    }
},
{
    "model": "nutr.newslink",
    "pk": 23,
    "fields": {
        "title": "Liu Xiaobo, China's most famous political prisoner, 'close to d",
        "slug": "lx02",
        "pub_date": "2017-07-06",
        "link": "https://www.theguardian.com/world/2017/jul/06/liu-xiaobo-china-political-prisoner-close-to-death-friends-say",
        "poc": 8680
    }
},
{
    "model": "nutr.newslink",
    "pk": 24,
    "fields": {
        "title": "Twitter: Liu Xiaobo",
        "slug": "lx05",
        "pub_date": "2017-07-06",
        "link": "https://twitter.com/search?q=liu+xiaobo&ref_src=twsrc%5Egoogle%7Ctwcamp%5Eserp%7Ctwgr%5Esearch",
        "poc": 8680
    }
},
{
    "model": "nutr.newslink",
    "pk": 25,
    "fields": {
        "title": "Chen Wei jailed in China for 'subversive' writing",
        "slug": "cw05",
        "pub_date": "2011-12-23",
        "link": "http://www.bbc.com/news/world-asia-china-16312065",
        "poc": 8674
    }
},
{
    "model": "nutr.newslink",
    "pk": 26,
    "fields": {
        "title": "Jailed Azerbaijani Activist Arif Yunus Released From Jail, But",
        "slug": "ay04",
        "pub_date": "2015-11-12",
        "link": "https://www.rferl.org/a/azerbaijan-arif-yunus-house-arrest/27360051.html",
        "poc": 8597
    }
},
{
    "model": "nutr.newslink",
    "pk": 27,
    "fields": {
        "title": "Uzbekistan: 5 More Years for Jailed Activist",
        "slug": "af110",
        "pub_date": "2015-05-28",
        "link": "https://www.hrw.org/news/2015/05/28/uzbekistan-5-more-years-jailed-activist",
        "poc": 8724
    }
},
{
    "model": "nutr.newslink",
    "pk": 28,
    "fields": {
        "title": "Azam Farmonov, has been sentenced to a further five-year",
        "slug": "af112",
        "pub_date": "2015-05-22",
        "link": "https://www.amnestyusa.org/urgent-actions/uzbekistan-release-azam-farmonov-ua-11415/",
        "poc": 8724
    }
},
{
    "model": "nutr.newslink",
    "pk": 29,
    "fields": {
        "title": "Human Rights in China",
        "slug": "gf15",
        "pub_date": "2016-05-04",
        "link": "http://www.hrichina.org/en/defenders/guo-feixiong",
        "poc": 8678
    }
},
{
    "model": "nutr.newslink",
    "pk": 30,
    "fields": {
        "title": "Case History: Guo Feixong",
        "slug": "gf76",
        "pub_date": "2016-06-13",
        "link": "https://www.frontlinedefenders.org/en/case/case-history-guo-feixiong",
        "poc": 8678
    }
},
{
    "model": "nutr.newslink",
    "pk": 31,
    "fields": {
        "title": "Fabricated Evidence Used in Deportation",
        "slug": "ei89",
        "pub_date": "2011-06-15",
        "link": "http://www.rfa.org/english/news/uyghur/evidence-06152011173211.html",
        "poc": 8676
    }
},
{
    "model": "nutr.newslink",
    "pk": 32,
    "fields": {
        "title": "Kazakhstan deported Uyghur teacher to China, harsh criticism",
        "slug": "ei29",
        "pub_date": "2011-06-06",
        "link": "http://humanrightshouse.org/Articles/16544.html",
        "poc": 8676
    }
},
{
    "model": "nutr.newslink",
    "pk": 33,
    "fields": {
        "title": "Gao Zhisheng: persecuted Chinese lawyer smuggles out book",
        "slug": "gz91",
        "pub_date": "2016-06-15",
        "link": "https://www.theguardian.com/world/2016/jun/15/gao-zhisheng-persecuted-chinese-dissident-smuggles-out-book-of-abuses",
        "poc": 8677
    }
},
{
    "model": "nutr.newslink",
    "pk": 34,
    "fields": {
        "title": "Eritrean-born journalist Dawit Isaak awarded UNESCO",
        "slug": "di80",
        "pub_date": "2017-03-30",
        "link": "http://en.unesco.org/news/eritrean-born-journalist-dawit-isaak-awarded-unescoguillermo-cano-world-press-freedom-prize",
        "poc": 8632
    }
},
{
    "model": "nutr.newslink",
    "pk": 35,
    "fields": {
        "title": "Where is Dawit Isaak?",
        "slug": "di23",
        "pub_date": "2017-03-30",
        "link": "https://www.ifex.org/eritrea/2017/03/30/dawit-isaac/",
        "poc": 8632
    }
},
{
    "model": "nutr.newslink",
    "pk": 36,
    "fields": {
        "title": "Belarusian journalist Iryna Khalip details dissident life",
        "slug": "ik02",
        "pub_date": "2014-11-13",
        "link": "https://www.irishtimes.com/news/world/europe/belarusian-journalist-iryna-khalip-details-dissident-life-1.2000122",
        "poc": 8624
    }
},
{
    "model": "nutr.newslink",
    "pk": 37,
    "fields": {
        "title": "Political prisoner Eduard Lobau released",
        "slug": "el10",
        "pub_date": "2014-12-22",
        "link": "http://humanrightshouse.org/Articles/20640.html",
        "poc": 8625
    }
},
{
    "model": "nutr.newslink",
    "pk": 38,
    "fields": {
        "title": "Uladzimir Niaklajeu, \u201cTell the Truth!\u201d civil campaign leader",
        "slug": "un90",
        "pub_date": "2010-12-19",
        "link": "http://www.forjournalists.belarusinfocus.info/page_uladzimir_niaklajeu_tell_the_truth_civil_campaign_leader",
        "poc": 8626
    }
},
{
    "model": "nutr.newslink",
    "pk": 39,
    "fields": {
        "title": "Belarus election: The last dictator in Europe Andrej Dynko",
        "slug": "un21",
        "pub_date": "2010-12-19",
        "link": "http://prabook.com/web/person-view.html?profileId=721406",
        "poc": 8626
    }
},
{
    "model": "nutr.newslink",
    "pk": 40,
    "fields": {
        "title": "Pavel Sieviaryniets",
        "slug": "ps99",
        "pub_date": "2011-05-16",
        "link": "https://palitviazni.info/viazen/paval-sieviaryniets?lang=en",
        "poc": 8627
    }
},
{
    "model": "nutr.newslink",
    "pk": 41,
    "fields": {
        "title": "Pavel Sieviaryniets released",
        "slug": "ps882",
        "pub_date": "2013-10-19",
        "link": "https://palitviazni.info/%D0%BD%D0%B0%D0%B2%D1%96%D0%BD%D1%8B-en/2013/10/18162?lang=en",
        "poc": 8627
    }
},
{
    "model": "nutr.newslink",
    "pk": 42,
    "fields": {
        "title": "Alexander Lukashenko releases six jailed opposition figures",
        "slug": "ms33",
        "pub_date": "2015-08-23",
        "link": "http://www.telegraph.co.uk/news/worldnews/europe/belarus/11819263/Alexander-Lukashenko-releases-six-jailed-opposition-figures-and-is-praised-by-EU.html",
        "poc": 8628
    }
},
{
    "model": "nutr.newslink",
    "pk": 43,
    "fields": {
        "title": "Belarusian opposition leader Statkevich mysteriously disappeare",
        "slug": "ms20",
        "pub_date": "2017-03-23",
        "link": "http://uawire.org/news/belarusian-opposition-leader-statkevich-mysteriously-disappears",
        "poc": 8628
    }
},
{
    "model": "nutr.newslink",
    "pk": 44,
    "fields": {
        "title": "Inter-Paliamentary Union",
        "slug": "ma81",
        "pub_date": "2014-05-26",
        "link": "https://beta.ipu.org/news/features/human-rights-cases/2014-05/mahmoud-ahmed-sheriffo-eritrea",
        "poc": 8633
    }
},
{
    "model": "nutr.newslink",
    "pk": 45,
    "fields": {
        "title": "facebook: Mahmoud Ahmed Sherifo",
        "slug": "ma22",
        "pub_date": "2016-09-14",
        "link": "https://www.facebook.com/search/top/?q=Mahmoud+Ahmed+Sherifo&init=public",
        "poc": 8633
    }
},
{
    "model": "nutr.newslink",
    "pk": 46,
    "fields": {
        "title": "Bahman Ahmadi Amoui returned to prison",
        "slug": "ba87",
        "pub_date": "2014-03-06",
        "link": "https://www.en-hrana.org/bahman-ahmadi-amoui-returned-prison#more-9226",
        "poc": 8642
    }
},
{
    "model": "nutr.newslink",
    "pk": 47,
    "fields": {
        "title": "Iranian activist Zhila Bani-Yaghoub packs her bags and heads to",
        "slug": "zb02",
        "pub_date": "2012-09-05",
        "link": "https://www.theguardian.com/world/iran-blog/2012/sep/06/iran-activist-zhila-bani-yaghoub-evin-prison",
        "poc": 8643
    }
},
{
    "model": "nutr.newslink",
    "pk": 48,
    "fields": {
        "title": "Iranian Journalist Charged Over 'Unauthorized Blog'",
        "slug": "zb12",
        "pub_date": "2011-04-13",
        "link": "https://www.rferl.org/a/iran_journalist_charged_unauthorized_blog/3556103.html",
        "poc": 8643
    }
},
{
    "model": "nutr.newslink",
    "pk": 49,
    "fields": {
        "title": "IRAN MUST IMMEDIATELY RELEASE PRISONER OF CONSCIENCE ARZHANG DA",
        "slug": "ad23",
        "pub_date": "2013-08-24",
        "link": "https://www.amnesty.org/en/press-releases/2012/08/iran-must-immediately-release-prisoner-conscience-arzhang-davoodi-2012-08-2/",
        "poc": 8644
    }
},
{
    "model": "nutr.newslink",
    "pk": 50,
    "fields": {
        "title": "Facebook: Arzhong Davoodi",
        "slug": "ad43",
        "pub_date": "2012-08-24",
        "link": "https://www.facebook.com/amnestyglobal/posts/431673690205033",
        "poc": 8644
    }
},
{
    "model": "nutr.newslink",
    "pk": 51,
    "fields": {
        "title": "Volleyball woman Ghoncheh Ghavami out of Iran prison",
        "slug": "gg03",
        "pub_date": "2014-11-23",
        "link": "http://www.bbc.com/news/world-middle-east-30170752",
        "poc": 8645
    }
},
{
    "model": "nutr.newslink",
    "pk": 52,
    "fields": {
        "title": "British-Iranian woman jailed over volleyball game sees charges",
        "slug": "gg09",
        "pub_date": "2015-04-02",
        "link": "https://www.theguardian.com/world/2015/apr/02/british-iranian-goncheh-ghavami-jailed-volleyball-game-charges-dropped-iran",
        "poc": 8645
    }
},
{
    "model": "nutr.newslink",
    "pk": 53,
    "fields": {
        "title": "Iranian activist Kouhyar Goudarzi jailed for five years",
        "slug": "kg02",
        "pub_date": "2012-03-16",
        "link": "https://www.theguardian.com/world/iran-blog/2012/mar/16/iranian-activist-kouhyar-goudarzi-jailed",
        "poc": 8646
    }
},
{
    "model": "nutr.newslink",
    "pk": 54,
    "fields": {
        "title": "\u201cThe Imprisonment of Kouhyar Goudarzi a Slap in the Face,\u201d says",
        "slug": "kg03",
        "pub_date": "2011-08-12",
        "link": "https://www.iranhumanrights.org/2011/08/kouhyar-goudarzi/",
        "poc": 8646
    }
},
{
    "model": "nutr.newslink",
    "pk": 55,
    "fields": {
        "title": "Zeynab Jalaliyan, a Female Political Activists has been Sentenc",
        "slug": "zj03",
        "pub_date": "2009-01-20",
        "link": "https://parezeran.wordpress.com/2009/01/20/zeynab-jalaliyan-a-female-political-activists-has-been-sentenced-to-death/",
        "poc": 8647
    }
},
{
    "model": "nutr.newslink",
    "pk": 56,
    "fields": {
        "title": "The last letter by Sirin Elem Hulu, hanged in Iran",
        "slug": "zj98",
        "pub_date": "2010-05-15",
        "link": "https://anfenglish.com/features/the-last-letter-by-sirin-elem-hulu-hanged-in-iran-1030",
        "poc": 8647
    }
},
{
    "model": "nutr.newslink",
    "pk": 57,
    "fields": {
        "title": "Iran: Wrongfully imprisoned Kurdish human rights defender\u2019s lif",
        "slug": "sk28",
        "pub_date": "2016-06-02",
        "link": "https://www.amnesty.org/en/latest/news/2016/06/iran-wrongfully-imprisoned-kurdish-human-rights-defenders-life-hangs-in-the-balance/",
        "poc": 8648
    }
},
{
    "model": "nutr.newslink",
    "pk": 58,
    "fields": {
        "title": "UA 104/12 IRAN - HUMAN RIGHTS ACTIVIST SENTENCED",
        "slug": "zk27",
        "pub_date": "2012-04-13",
        "link": "https://www.amnesty.se/engagera-dig/agera/aktuella-blixtaktioner/ua-10412-iran-human-rights-activist-sentenced/",
        "poc": 8649
    }
},
{
    "model": "nutr.newslink",
    "pk": 59,
    "fields": {
        "title": "Iran urged to quash prison sentence for 'Mourning Mothers' acti",
        "slug": "zk19",
        "pub_date": "2013-04-14",
        "link": "http://www.payvand.com/news/12/apr/1131.html",
        "poc": 8649
    }
},
{
    "model": "nutr.newslink",
    "pk": 60,
    "fields": {
        "title": "Iran poised to execute student accused of being Kurd terrorist",
        "slug": "hl03",
        "pub_date": "2019-12-25",
        "link": "https://www.theguardian.com/world/2010/dec/25/iran-execute-student-kurd-terrorist",
        "poc": 8650
    }
},
{
    "model": "nutr.newslink",
    "pk": 61,
    "fields": {
        "title": "Iran arrests family of Kurdish activist due to be executed",
        "slug": "kl09",
        "pub_date": "2010-12-27",
        "link": "https://www.theguardian.com/world/2010/dec/27/iran-arrests-family-kurdish-activist",
        "poc": 8650
    }
},
{
    "model": "nutr.newslink",
    "pk": 62,
    "fields": {
        "title": "IRAN: FREE HOSSEIN RONAGHI MALEKI (UA 236/13)",
        "slug": "hr03",
        "pub_date": "2015-07-06",
        "link": "https://www.amnestyusa.org/urgent-actions/iran-free-hossein-ronaghi-maleki-ua-23613/",
        "poc": 8651
    }
},
{
    "model": "nutr.newslink",
    "pk": 63,
    "fields": {
        "title": "Iranian blogger Hossein Ronaghi Maleki is back behind bars",
        "slug": "hr45",
        "pub_date": "2015-08-05",
        "link": "http://www.dw.com/en/iranian-blogger-hossein-ronaghi-maleki-is-back-behind-bars/a-18998337",
        "poc": 8651
    }
},
{
    "model": "nutr.newslink",
    "pk": 64,
    "fields": {
        "title": "Ahead of elections, Iran cracks down on press freedom",
        "slug": "pm09",
        "pub_date": "2012-02-28",
        "link": "https://cpj.org/2012/02/ahead-of-elections-iran-cracks-down-on-press-freed.php",
        "poc": 8653
    }
},
{
    "model": "nutr.newslink",
    "pk": 65,
    "fields": {
        "title": "Mothers of Park Laleh: Human Rights Violations Reaching Record",
        "slug": "pm20",
        "pub_date": "2011-10-19",
        "link": "https://www.en-hrana.org/tag/parvin-mokhtareh",
        "poc": 8653
    }
},
{
    "model": "nutr.newslink",
    "pk": 66,
    "fields": {
        "title": "Public Letter to Supreme Leader about Torture in Prison Brings",
        "slug": "am98",
        "pub_date": "2011-08-02",
        "link": "https://www.iranhumanrights.org/2011/08/momeni-court/",
        "poc": 8654
    }
},
{
    "model": "nutr.newslink",
    "pk": 67,
    "fields": {
        "title": "Together a lifetime, Azerbaijan couple now separated in jail",
        "slug": "ay17",
        "pub_date": "2014-08-28",
        "link": "https://www.theguardian.com/world/2014/aug/28/azerbaijan-activists-leyla-arif-yunus-charges",
        "poc": 8597
    }
},
{
    "model": "nutr.newslink",
    "pk": 68,
    "fields": {
        "title": "Together a lifetime, Azerbaijan couple now separated in jail",
        "slug": "ay61",
        "pub_date": "2014-08-28",
        "link": "https://www.theguardian.com/world/2014/aug/28/azerbaijan-activists-leyla-arif-yunus-charges",
        "poc": 8598
    }
},
{
    "model": "nutr.newslink",
    "pk": 69,
    "fields": {
        "title": "Leyla Yunus\u2014Inspired by Solidarity in the Face of Repression",
        "slug": "ly08",
        "pub_date": "2016-10-20",
        "link": "https://www.hrw.org/news/2016/10/20/leyla-yunus-inspired-solidarity-face-repression",
        "poc": 8598
    }
},
{
    "model": "nutr.newslink",
    "pk": 70,
    "fields": {
        "title": "VIDADI ISGANDAROV\u2019S APPEAL HEARING HELD",
        "slug": "vi40",
        "pub_date": "2011-11-01",
        "link": "https://www.irfs.org/news-feed/vidadi-isgandarovs-appeal-hearing-held/",
        "poc": 8599
    }
},
{
    "model": "nutr.newslink",
    "pk": 71,
    "fields": {
        "title": "Champions for Justice: The al-Khawaja Family",
        "slug": "ak08",
        "pub_date": "2015-12-02",
        "link": "http://www.bahrainrights.org/en/node/7664",
        "poc": 8611
    }
},
{
    "model": "nutr.newslink",
    "pk": 72,
    "fields": {
        "title": "Bahrain condemned as jailed Arab spring activists lose appeal",
        "slug": "ak11",
        "pub_date": "2012-09-04",
        "link": "https://www.theguardian.com/world/2012/sep/04/bahrain-condemned-activists-lose-appeal",
        "poc": 8611
    }
},
{
    "model": "nutr.newslink",
    "pk": 73,
    "fields": {
        "title": "WRITER AND HUMAN RIGHTS DEFENDER ABDULHADI AL-KHAWAJA\u2019S LIFE IS",
        "slug": "ak12",
        "pub_date": "2012-04-18",
        "link": "https://pen.org/rapid-action/writer-and-human-rights-defender-abdulhadi-al-khawajas-life-is-in-danger/",
        "poc": 8611
    }
},
{
    "model": "nutr.newslink",
    "pk": 74,
    "fields": {
        "title": "Vietnam police arrest dissident for 'abusing democracy rights'",
        "slug": "jd78",
        "pub_date": "2017-05-15",
        "link": "http://www.reuters.com/article/us-vietnam-dissident-idUSKCN18B1JX",
        "poc": 8739
    }
},
{
    "model": "nutr.newslink",
    "pk": 76,
    "fields": {
        "title": "Vietnam: New Wave of Arrests of Critics",
        "slug": "vietnam-new-wave-of-arrests-of-critics",
        "pub_date": "2017-01-27",
        "link": "https://www.hrw.org/news/2017/01/27/vietnam-new-wave-arrests-critics",
        "poc": 8740
    }
},
{
    "model": "nutr.newslink",
    "pk": 77,
    "fields": {
        "title": "Vietnam: Free Tra Thi Nga",
        "slug": "vietnam-free-tra-thi-nga",
        "pub_date": "2017-01-24",
        "link": "https://www.awid.org/get-involved/vietnam-free-tran-thi-nga",
        "poc": 8740
    }
},
{
    "model": "nutr.newslink",
    "pk": 78,
    "fields": {
        "title": "B\u00e0 Tr\u1ea7n Th\u1ecb Nga b\u1ecb c\u00f4ng an t\u1ec9nh H\u00e0 Nam b\u1eaft t\u1ea1m giam",
        "slug": "ba-tran-thi-nga-bi-cong-an-tinh-ha-nam-bat-tam-giam",
        "pub_date": "2017-02-22",
        "link": "http://www.bbc.com/vietnamese/vietnam-38703765",
        "poc": 8740
    }
},
{
    "model": "nutr.newslink",
    "pk": 79,
    "fields": {
        "title": "Vietnam police arrest dissident for 'abusing democracy rights'",
        "slug": "vietnam-police-arrest-dissident-for-abusing-democracy-rights",
        "pub_date": "2017-05-15",
        "link": "http://www.reuters.com/article/us-vietnam-dissident-idUSKCN18B1JX",
        "poc": 8739
    }
},
{
    "model": "nutr.newslink",
    "pk": 80,
    "fields": {
        "title": "Turkey draws Western condemnation over arrest of Kurdish lawmak",
        "slug": "turkey-draws-western-condemnation-over-arrest-of-kurdish-lawmak",
        "pub_date": "2016-11-04",
        "link": "http://www.reuters.com/article/us-turkey-security-kurds-idUSKBN12Y2XA?il=0",
        "poc": 8759
    }
},
{
    "model": "nutr.newslink",
    "pk": 81,
    "fields": {
        "title": "Turkey draws Western condemnation over arrest of Kurdish lawmak",
        "slug": "turkey-draws-western-condemnation-over-arrest-of-kurdish-lawmak",
        "pub_date": "2017-11-04",
        "link": "http://www.reuters.com/article/us-turkey-security-kurds-idUSKBN12Y2XA?il=0",
        "poc": 8761
    }
},
{
    "model": "nutr.newslink",
    "pk": 82,
    "fields": {
        "title": "Istanbul attacks: Turkish police arrest 235 over 'militant link",
        "slug": "istanbul-attacks-turkish-police-arrest-235-over-militant-link",
        "pub_date": "2016-12-12",
        "link": "http://www.bbc.com/news/world-europe-38288429",
        "poc": 8759
    }
},
{
    "model": "nutr.newslink",
    "pk": 83,
    "fields": {
        "title": "Istanbul attacks: Turkish police arrest 235 over 'militant link",
        "slug": "istanbul-attacks-turkish-police-arrest-235-over-militant-link",
        "pub_date": "2016-12-12",
        "link": "http://www.bbc.com/news/world-europe-38288429",
        "poc": 8761
    }
},
{
    "model": "blog.post",
    "pk": 3,
    "fields": {
        "title": "Why was Aster arrested?",
        "slug": "testblog02",
        "author": [
            "andrew4"
        ],
        "text": "Apparently Aster was one of 15 people (\"G-15\") who signed a letter. 11 of the 15 were arrested September 18, 2001. Does anybody know if the letter is published on the internet?",
        "pub_date": "2017-07-04",
        "tags": [
            1144
        ],
        "pocs": [
            8631
        ]
    }
},
{
    "model": "blog.post",
    "pk": 4,
    "fields": {
        "title": "Zaur Gurban",
        "slug": "zg02",
        "author": [
            "andrew4"
        ],
        "text": "In a hasty telephone call to a friend on Saturday he said that a group of men in plainclothes had stopped him outside his apartment in Baku and presented themselves as officers of the Azerbaijan\u2019s Organized Crimes Unit. The men seized Gurbanli apparently without explanation, saying they were taking him to the Yasamal District police station. When his lawyer contacted the police station, officers said that he was not there.During the arrest, Gurbanli\u2019s laptop and Nida materials were taken from his apartment, as well as a number of documents and articles from the office of another NGO he is involved in, Positive Change \u2013 suggesting that he has been targeted for his political activity.",
        "pub_date": "2017-07-05",
        "tags": [
            1088
        ],
        "pocs": []
    }
},
{
    "model": "blog.post",
    "pk": 5,
    "fields": {
        "title": "Zaur Gurban \"Sing for Democracy\" campaign",
        "slug": "zg05",
        "author": [
            "andrew4"
        ],
        "text": "In a hasty telephone call to a friend on Saturday he said that a group of men in plainclothes had stopped him outside his apartment in Baku and presented themselves as officers of the Azerbaijan\u2019s Organized Crimes Unit. The men seized Gurbanli apparently without explanation, saying they were taking him to the Yasamal District police station. When his lawyer contacted the police station, officers said that he was not there.During the arrest, Gurbanli\u2019s laptop and Nida materials were taken from his apartment, as well as a number of documents and articles from the office of another NGO he is involved in, Positive Change \u2013 suggesting that he has been targeted for his political activity.",
        "pub_date": "2017-07-05",
        "tags": [
            1088
        ],
        "pocs": [
            8606
        ]
    }
}
]
